t,Marker,P,V'O2,V'O2/kg,V'CO2,HF,V'E/V'O2,RER,AF,V'E,W,EU/kg,EU,EUKH,EUFett,CHO,Fett
0:00:07,,-,2.3496666233007502,29.224709245034202,2.1571768112763801,-,25.750099780115001,0.91807782001262495,30.45,65.68065,0,8.6123049582526594,692.42931864351397,488.36873311191698,140.715453100708,118.82450927297199,15.1469809580956
0:00:08,,-,2.5139583388896498,31.268138543403602,2.2928956244707099,-,24.923754316340101,0.91206587993157495,31.08,67.940880000000007,0.19891535134579399,9.2010100876393395,739.76121104620302,507.27266070529299,164.71424469111699,123.424005037784,17.730273917235401
0:00:09,,-,2.5139583388896498,31.268138543403602,2.2928956244707099,-,24.923754316340101,0.91206587993157495,31.08,67.940880000000007,0.404404576636406,9.2010100876393395,739.76121104620302,507.27266070529299,164.71424469111699,123.424005037784,17.730273917235401
0:00:10,,-,2.1653259220779302,26.931914453705598,1.9398319088307401,-,25.073523318789402,0.89586139853219204,30.45,59.468850000000003,0.59529589712557596,7.8937350307937804,634.65629647582,401.53572064408701,174.74512123324999,97.697255631164694,18.810023814128101
0:00:11,,-,2.1653259220779302,26.931914453705598,1.9398319088307401,-,25.073523318789402,0.89586139853219204,30.45,59.468850000000003,0.77158931281330401,7.8937350307937804,634.65629647582,401.53572064408701,174.74512123324999,97.697255631164694,18.810023814128101
0:00:12,,-,2.1059948038918099,26.193965222534899,1.8710361691467801,-,24.444504756073801,0.88843342143540405,30,56.58,0.94531167933956295,7.6634918223040804,616.14474251324805,374.75592108990998,184.61288630625799,91.181489316279794,19.872215964075199
0:00:13,,-,2.3187213321666502,28.8398175642618,2.0619723408242701,-,23.366326625103,0.88927130320465297,32.25,59.662500000000001,1.1251263409015799,8.4393136907125097,678.52082073328597,414.56949913653199,201.44044945860699,100.86849127409501,21.6835790590535
0:00:14,,-,2.3187213321666502,28.8398175642618,2.0619723408242701,-,23.366326625103,0.88927130320465297,32.25,59.662500000000001,1.31360434666083,8.4393136907125097,678.52082073328597,414.56949913653199,201.44044945860699,100.86849127409501,21.6835790590535
0:00:15,,-,2.3187213321666502,28.8398175642618,2.0619723408242701,-,23.366326625103,0.88927130320465297,32.25,59.662500000000001,1.5020823524200699,8.4393136907125097,678.52082073328597,414.56949913653199,201.44044945860699,100.86849127409501,21.6835790590535
0:00:16,,-,2.3733359229948201,29.519103519836001,2.07894193603371,-,23.249098227263701,0.87595772511224701,28.98,60.104520000000001,1.6924653810635999,8.6099127549765999,692.23698550011898,392.46546645243501,235.78828123248101,95.490381131979404,25.380869885089499
0:00:17,,-,2.3733359229948201,29.519103519836001,2.07894193603371,-,23.249098227263701,0.87595772511224701,28.98,60.104520000000001,1.8847534325914099,8.6099127549765999,692.23698550011898,392.46546645243501,235.78828123248101,95.490381131979404,25.380869885089499
0:00:18,,-,2.31270492954889,28.764986685931401,2.0437657862284602,-,23.935089726642101,0.88371229728261003,28.3,60.165799999999997,2.0747639109054101,8.4059509746354202,675.83845836068804,400.52716492908002,212.962618694914,97.451864946248094,22.923855618397599
0:00:19,,-,2.31270492954889,28.764986685931401,2.0437657862284602,-,23.935089726642101,0.88371229728261003,28.3,60.165799999999997,2.2624968160056098,8.4059509746354202,675.83845836068804,400.52716492908002,212.962618694914,97.451864946248094,22.923855618397599
0:00:20,,-,3.6408227393281298E-2,0.45283864917016597,3.5042186622285802E-2,-,74.826219100761094,0.96247988795940098,30.61,7.9279900000000003,2.3578695386549602,0.13488985963556699,10.8451447146996,9.1977742746722608,0.66583375608636297,2.2379012833752499,7.1672094304237099E-2
0:00:21,,-,3.6408227393281298E-2,0.45283864917016597,3.5042186622285802E-2,-,74.826219100761094,0.96247988795940098,30.61,7.9279900000000003,2.3608820788534901,0.13488985963556699,10.8451447146996,9.1977742746722608,0.66583375608636297,2.2379012833752499,7.1672094304237099E-2
0:00:22,,-,3.6408227393281298E-2,0.45283864917016597,3.5042186622285802E-2,-,74.826219100761094,0.96247988795940098,30.61,7.9279900000000003,2.36389461905202,0.13488985963556699,10.8451447146996,9.1977742746722608,0.66583375608636297,2.2379012833752499,7.1672094304237099E-2
0:00:23,,-,3.0938833456505299,38.481136139931998,2.6674986700824799,-,21.931428053158498,0.862184630791762,31.24,73.164079999999998,2.4903099999823799,11.185890522187901,899.34559798390706,468.64045696536903,347.29652112647602,114.02444208403099,37.383909701450598
0:00:24,,-,2.7452661967951202,34.145101950188099,2.3843184868923402,-,23.0666738525852,0.86851995980420704,30.92,68.580560000000006,2.7262267256763102,9.9409804354772593,799.25482701237195,433.37568600618198,291.86896055355101,105.44420584092001,31.417541501996901
0:00:25,,-,2.7452661967951202,34.145101950188099,2.3843184868923402,-,23.0666738525852,0.86851995980420704,30.92,68.580560000000006,2.9482419554019699,9.9409804354772593,799.25482701237195,433.37568600618198,291.86896055355101,105.44420584092001,31.417541501996901
0:00:26,,-,2.6805001336935099,33.339553901660601,2.3838333123811299,-,24.059260131853399,0.88932407889731901,30.15,69.616349999999997,3.1681936347503101,9.7561848792995001,784.39726429567997,479.39543891484402,232.737686176566,116.641226013344,25.052495820943602
0:00:27,,-,2.6805001336935099,33.339553901660601,2.3838333123811299,-,24.059260131853399,0.88932407889731901,30.15,69.616349999999997,3.3860817637213301,9.7561848792995001,784.39726429567997,479.39543891484402,232.737686176566,116.641226013344,25.052495820943602
0:00:28,,-,2.4920148417769998,30.995209474838301,2.2059330902779002,-,24.086413529222199,0.88520062292442103,29.7,65.072699999999998,3.5962069210064298,9.0609933850372801,728.50386815699699,435.321809859442,225.99933177512099,105.91771529426801,24.327161655018401
0:00:29,,-,2.4920148417769998,30.995209474838301,2.2059330902779002,-,24.086413529222199,0.88520062292442103,29.7,65.072699999999998,3.7985691066055902,9.0609933850372801,728.50386815699699,435.321809859442,225.99933177512099,105.91771529426801,24.327161655018401
0:00:30,,-,2.4920148417769998,30.995209474838301,2.2059330902779002,-,24.086413529222199,0.88520062292442103,29.7,65.072699999999998,4.0009312922047604,9.0609933850372801,728.50386815699699,435.321809859442,225.99933177512099,105.91771529426801,24.327161655018401
0:00:31,,-,2.56236944765813,31.870266761917101,2.3017265847003898,-,24.154245226646001,0.89828052968866201,28.3,66.703100000000006,4.2064837832096904,9.3466923765985506,751.47406707852394,481.41493960356598,200.97969706165301,117.13258871133,21.633982460888401
0:00:32,,-,2.5623646764147199,31.8702074180935,2.3017223349468798,-,24.154290202985401,0.89828054380123101,28.3,66.703100000000006,4.4152263856364096,9.3466750048991702,751.47267039389305,481.41407965981301,200.97928894968101,117.132379479273,21.6339385306438
0:00:33,,-,2.5898463287898101,32.212019014798599,2.3209038623628402,-,24.725837702472099,0.89615504849176297,30.61,69.239819999999995,4.6250333694070598,9.4420101088900008,759.13761275475599,481.02536377485001,208.292063832796,117.037801405073,22.421104825919901
0:00:34,,-,2.5898513800442302,32.212081841346098,2.3209084000730602,-,24.7257894771191,0.89615505274029605,30.61,69.239819999999995,4.8359051342578603,9.4420285344650896,759.13909417099296,481.02631306756598,208.29245977853901,117.038032376537,22.421147446559601
0:00:35,,-,2.3112661841178399,28.7470918422616,2.1059105715871498,-,25.1900107395989,0.91115016784227898,28.98,63.147419999999997,5.0357806971960004,8.4572756092485708,679.96495898358501,464.23832853134002,153.416743141376,112.953364606165,16.514181177758399
0:00:36,,-,2.3112661841178399,28.7470918422616,2.1059105715871498,-,25.1900107395989,0.91115016784227898,28.98,63.147419999999997,5.2246598524692098,8.4572756092485708,679.96495898358501,464.23832853134002,153.416743141376,112.953364606165,16.514181177758399
0:00:37,,-,2.5174558101872,31.3116394301891,2.2614515023053001,-,24.7203147511742,0.89830832110500203,29.55,67.255799999999994,5.4216420858213699,9.1829243924367994,738.30712115191795,473.04718249558903,197.39134397833001,115.09663807678599,21.247722710261598
0:00:38,,-,2.51746079217458,31.311701395206299,2.2614559804048899,-,24.720265830334402,0.89830832219295098,29.55,67.255799999999994,5.6267276002092999,9.1829425676763208,738.30858244117599,473.04812140749402,197.39173204528899,115.096866522505,21.2477644828083
0:00:39,,-,2.54832055508925,31.695529292154902,2.2963041348629898,-,24.713158583690898,0.901104898391623,31.41,68.316749999999999,5.8331412863759802,9.3018651487432198,747.86995795895496,486.03460077834399,193.13467367184899,118.25659386334399,20.789523538412102
0:00:40,,-,2.54832055508925,31.695529292154902,2.2963041348629898,-,24.713158583690898,0.901104898391623,31.41,68.316749999999999,6.0408829413645799,9.3018651487432198,747.86995795895496,486.03460077834399,193.13467367184899,118.25659386334399,20.789523538412102
0:00:41,,-,2.53248664953564,31.498590168353701,2.3074998133137599,-,25.143982501023601,0.91115971479528601,30.15,68.802300000000002,6.2482327742952499,9.2667766062422903,745.04883914188099,508.69680760007299,168.07821745964699,123.770512798071,18.0923807814474
0:00:42,,-,2.53248664953564,31.498590168353701,2.3074998133137599,-,25.143982501023601,0.91115971479528601,30.15,68.802300000000002,6.4551907851679999,9.2667766062422903,745.04883914188099,508.69680760007299,168.07821745964699,123.770512798071,18.0923807814474
0:00:43,,-,2.49973943160342,31.091286462729101,2.2980567483957501,-,24.9658101204449,0.91931851749911897,29.41,67.407719999999998,6.6610138230361899,9.1651372327002107,736.87703350909703,522.688791797259,146.797266427355,127.174888515148,15.801643318337501
0:00:44,,-,2.4997346026388501,31.091226400980698,2.2980523481332198,-,24.965858349169899,0.91931853313838996,29.41,67.407719999999998,6.8657016905822497,9.1651195624693607,736.87561282253705,522.68782150320897,146.79694621986599,127.174652433871,15.801608850362401
0:00:45,,-,2.6224548560139,32.617597711615602,2.4144369944575201,-,24.888131000739801,0.92067819162669295,31.08,70.551599999999993,7.0754492666077402,9.6182454547390908,773.30693456102301,551.94453457087195,150.663115035902,134.293074104835,16.217773416135799
0:00:46,,-,2.6224548560139,32.617597711615602,2.4144369944575201,-,24.888131000739801,0.92067819162669295,31.08,70.551599999999993,7.2902567484302496,9.6182454547390908,773.30693456102301,551.94453457087195,150.663115035902,134.293074104835,16.217773416135799
0:00:47,,-,2.2328699526785099,27.772014336797401,2.0517198203712201,-,25.610582439609601,0.91887116753486597,30.45,62.361600000000003,7.4890684364051596,8.1857863042079195,658.13721885831706,465.87965689679498,132.06117433327199,113.352714573429,14.2154116612779
0:00:48,,-,2.2328699526785099,27.772014336797401,2.0517198203712201,-,25.610582439609601,0.91887116753486597,30.45,62.361600000000003,7.6718843305324702,8.1857863042079195,658.13721885831706,465.87965689679498,132.06117433327199,113.352714573429,14.2154116612779
0:00:49,,-,1.3089795415849901,16.280840069465,1.1770492767357199,-,22.692241594573101,0.89921136224213205,22.64,33.552480000000003,7.8166222593319796,4.7758192599273297,383.97586849815701,247.158422261238,101.528404979421,60.135869163318098,10.9287841743188
0:00:50,,-,1.3089795415849901,16.280840069465,1.1770492767357199,-,22.692241594573101,0.89921136224213205,22.64,33.552480000000003,7.9232822228036897,4.7758192599273297,383.97586849815701,247.158422261238,101.528404979421,60.135869163318098,10.9287841743188
0:00:51,,-,2.5812491743375698,32.105089233054301,2.2833140158618299,-,23.344189549412199,0.88457714139426602,38.21,66.752870000000001,8.0814003741188394,9.3840151862052892,754.47482097090494,449.28669003352002,235.59971819658401,109.315496358521,25.360572464648399
0:00:52,,-,0.97077447927767402,12.074309443752201,1.03437008286111,-,23.544479678747599,1.06551017248698,49.58,31.284980000000001,8.2265398366016598,3.61354861822648,290.52930890540898,264.35800556366701,0,64.320682618896996,0
0:00:53,,-,0.97077447927767402,12.074309443752201,1.03437008286111,-,23.544479678747599,1.06551017248698,49.58,31.284980000000001,8.30724242240872,3.61354861822648,290.52930890540898,264.35800556366701,0,64.320682618896996,0
0:00:54,,-,2.4661394289587899,30.6733759820745,2.0699179866218702,-,19.334016333428,0.83933534426956102,31.41,53.02008,8.4465978226239997,8.8660394607542603,712.82957264464301,316.72106240249099,329.623364148966,77.061085742698495,35.481524666196599
0:00:55,,-,2.4661394289587899,30.6733759820745,2.0699179866218702,-,19.334016333428,0.83933534426956102,31.41,53.02008,8.6446060372475095,8.8660394607542603,712.82957264464301,316.72106240249099,329.623364148966,77.061085742698495,35.481524666196599
0:00:56,,-,3.0509185393464602,37.946748001821597,2.5768982736276902,-,21.4220075551411,0.84463031064070604,25.53,69.696899999999999,8.8662513041443507,10.9827904106043,883.01634901258706,408.11612148060902,392.64990444603001,99.298326394308702,42.265867001725503
0:00:57,,-,3.0509185393464602,37.946748001821597,2.5768982736276902,-,21.4220075551411,0.84463031064070604,25.53,69.696899999999999,9.1115336233145108,10.9827904106043,883.01634901258706,408.11612148060902,392.64990444603001,99.298326394308702,42.265867001725503
0:00:58,,-,2.3843632871642999,29.6562597906007,2.0450052385965098,-,21.751383389936599,0.85767351376585699,26.9,56.436199999999999,9.3303313825430401,8.6110387740401606,692.32751743282802,350.31874313593403,277.72824756557497,85.235703926018004,29.895398015670001
0:00:59,,-,2.3843632871642999,29.6562597906007,2.0450052385965098,-,21.751383389936599,0.85767351376585699,26.9,56.436199999999999,9.5226445818299403,8.6110387740401606,692.32751743282802,350.31874313593403,277.72824756557497,85.235703926018004,29.895398015670001
0:01:00,,-,2.4386937048594999,30.3320112544714,2.1144225496862599,-,21.836772651638899,0.86703079828062302,29.26,58.227400000000003,9.71737606282705,8.8276013152532595,709.73914574636206,381.31649500736899,262.67741941094403,92.777736011525406,28.2752873424052
0:01:01,,-,2.4386937048594999,30.3320112544714,2.1144225496862599,-,21.836772651638899,0.86703079828062302,29.26,58.227400000000003,9.9145258255343691,8.8276013152532595,709.73914574636206,381.31649500736899,262.67741941094403,92.777736011525406,28.2752873424052
0:01:02,,-,2.1221903451728501,26.395402303145001,1.8503642867902199,-,24.659616475513399,0.87191249880062205,31.91,57.757100000000001,10.098985315746001,7.69115900220556,618.36918377732695,342.27651067675902,218.88011914698399,83.278956369041197,23.5608309092556
0:01:03,,-,2.1221903451728501,26.395402303145001,1.8503642867902199,-,24.659616475513399,0.87191249880062205,31.91,57.757100000000001,10.270754533461901,7.69115900220556,618.36918377732695,342.27651067675902,218.88011914698399,83.278956369041197,23.5608309092556
0:01:04,,-,2.2068161448696202,27.4479620008659,1.9295651747528,-,23.532408950664198,0.87436607677473899,33.700000000000003,57.660699999999999,10.4460024603154,8.0026851936313896,643.41588956796397,361.38639724864998,222.53549450654501,87.928563807457493,23.954305113729301
0:01:05,,-,2.2068161448696202,27.4479620008659,1.9295651747528,-,23.532408950664198,0.87436607677473899,33.700000000000003,57.660699999999999,10.624729096306501,8.0026851936313896,643.41588956796397,361.38639724864998,222.53549450654501,87.928563807457493,23.954305113729301
0:01:06,,-,2.8982542938086602,36.047938977719603,2.50856741993899,-,22.7658387812798,0.865544277911663,33.51,71.677890000000005,10.8312003740963,10.487279981569101,843.17731051815599,448.82855165959802,316.21414170091202,109.204027167785,34.038120742832298
0:01:07,,-,2.8982542938086602,36.047938977719603,2.50856741993899,-,22.7658387812798,0.865544277911663,33.51,71.677890000000005,11.065416293684599,10.487279981569101,843.17731051815599,448.82855165959802,316.21414170091202,109.204027167785,34.038120742832298
0:01:08,,-,1.28926514819355,16.035636171561499,1.1136310416194499,-,24.911617323249299,0.86377192711662798,27.64,36.816479999999999,11.2345960338673,4.6631445123960003,374.91681879663798,197.353141223027,142.80612059043199,48.017795918011302,15.372025897785999
0:01:09,,-,1.28926514819355,16.035636171561499,1.1136310416194499,-,24.911617323249299,0.86377192711662798,27.64,36.816479999999999,11.3387395946441,4.6631445123960003,374.91681879663798,197.353141223027,142.80612059043199,48.017795918011302,15.372025897785999
0:01:10,,-,2.6343083865054102,32.765029682903098,2.27991960783041,-,23.003806354042201,0.86547179499165705,32.08,66.052719999999994,11.497252335142299,9.5320262784918306,766.374912790743,407.76086231291902,287.59520382434698,99.211888640612898,30.957503102728499
0:01:11,,-,2.6343083865054102,32.765029682903098,2.27991960783041,-,23.003806354042201,0.86547179499165705,32.08,66.052719999999994,11.710134255362,9.5320262784918306,766.374912790743,407.76086231291902,287.59520382434698,99.211888640612898,30.957503102728499
0:01:12,,-,2.1844845856029802,27.170206288594301,1.8940302478521001,-,24.746501008190101,0.86703758879090198,29.85,59.132849999999998,11.9048748115459,7.9074265140975397,635.75709173344205,341.58307347528603,235.28206141796801,83.110236855300698,25.326379054679101
0:01:13,,-,2.1844845856029802,27.170206288594301,1.8940302478521001,-,24.746501008190101,0.86703758879090198,29.85,59.132849999999998,12.081474003694099,7.9074265140975397,635.75709173344205,341.58307347528603,235.28206141796801,83.110236855300698,25.326379054679101
0:01:14,,-,1.7281374821034601,21.494247289844001,1.5542707962464699,-,26.3892777468673,0.89939070956012301,28.7,50.4833,12.2401838525911,6.3053957751860104,506.95382032495502,326.61542966793598,133.74918664949499,79.468474371760607,14.397113740526899
0:01:15,,-,1.7281374821034601,21.494247289844001,1.5542707962464699,-,26.3892777468673,0.89939070956012301,28.7,50.4833,12.3810043582369,6.3053957751860104,506.95382032495502,326.61542966793598,133.74918664949499,79.468474371760607,14.397113740526899
0:01:16,,-,1.4952441335726001,18.5975638504054,1.38622594043125,-,28.9170504195131,0.92709003787838196,31.91,48.662750000000003,12.5127484363238,5.4925813669253802,441.6035419008,324.371549294229,76.921406960761104,78.922518076454693,8.28002227779991
0:01:17,,-,1.4952441335726001,18.5975638504054,1.38622594043125,-,28.9170504195131,0.92709003787838196,31.91,48.662750000000003,12.6354160868518,5.4925813669253802,441.6035419008,324.371549294229,76.921406960761104,78.922518076454693,8.28002227779991
0:01:18,,-,1.8923119422830701,23.536218187600401,1.7620581807601501,-,25.482310248394899,0.93116686598417098,28.84,53.123280000000001,12.7744479945419,6.9580372321870296,559.42619346783704,418.29047908259298,90.120498270846596,101.773839192845,9.7008071335679897
0:01:19,,-,1.8923119422830701,23.536218187600401,1.7620581807601501,-,25.482310248394899,0.93116686598417098,28.84,53.123280000000001,12.929844159394101,6.9580372321870296,559.42619346783704,418.29047908259298,90.120498270846596,101.773839192845,9.7008071335679897
0:01:20,,-,1.55485471083383,19.3389889407193,1.4560985995745099,-,27.999014761098501,0.93648531237599397,29.12,48.4848,13.071466723734201,5.7245804699138301,460.25626978107198,352.03682621087302,66.301804449887896,85.653729005078503,7.1369003713549901
0:01:21,,-,1.55485471083383,19.3389889407193,1.4560985995745099,-,27.999014761098501,0.93648531237599397,29.12,48.4848,13.199315687562301,5.7245804699138301,460.25626978107198,352.03682621087302,66.301804449887896,85.653729005078503,7.1369003713549901
0:01:22,,-,1.39190339206855,17.312231244633701,1.3334148989108801,-,28.340285845109399,0.95797948802269695,26.78,43.999540000000003,13.320763192635001,5.1513155067466103,414.16576674242702,345.31730144471999,31.323863370252599,84.018808137401507,3.3717829246773499
0:01:23,,-,1.39190339206855,17.312231244633701,1.3334148989108801,-,28.340285845109399,0.95797948802269695,26.78,43.999540000000003,13.435809238952301,5.1513155067466103,414.16576674242702,345.31730144471999,31.323863370252599,84.018808137401507,3.3717829246773499
0:01:24,,-,1.61260790475468,20.057312248192599,1.5635786994558101,-,29.286691365427998,0.96959632583077704,30.45,52.404449999999997,13.5601628674615,5.9848303298971297,481.18035852372901,418.966019325974,18.739720171892301,101.93820421556499,2.0171926988043398
0:01:25,,-,1.61260790475468,20.057312248192599,1.5635786994558101,-,29.286691365427998,0.96959632583077704,30.45,52.404449999999997,13.693824078162599,5.9848303298971297,481.18035852372901,418.966019325974,18.739720171892301,101.93820421556499,2.0171926988043398
0:01:26,,-,1.61260790475468,20.057312248192599,1.5635786994558101,-,29.286691365427998,0.96959632583077704,30.45,52.404449999999997,13.827485288863601,5.9848303298971297,481.18035852372901,418.966019325974,18.739720171892301,101.93820421556499,2.0171926988043398
0:01:27,,-,1.21484151896162,15.1099691413136,1.19996545350015,-,25.880783220904501,0.98775472748561999,19.23,34.710149999999999,13.9448120980281,4.5220481027419597,363.57266746045298,330.82151198246299,0,80.491852063859596,0
0:01:28,,-,1.2148522212984201,15.1101022549555,1.1999757293681199,-,25.880555222096199,0.98775448431546797,19.23,34.710149999999999,14.045804950510201,4.5220879404336101,363.57587041086202,330.82442640643399,0,80.492561169448607,0
0:01:29,,-,1.2148522212984201,15.1101022549555,1.1999757293681199,-,25.880555222096199,0.98775448431546797,19.23,34.710149999999999,14.146798247846499,4.5220879404336101,363.57587041086202,330.82442640643399,0,80.492561169448607,0
0:01:30,,-,1.2825309069466699,15.951876952073,1.2843364656079099,-,30.2166909117703,1.00140780908395,24.59,42.934139999999999,14.250604683070399,4.77401073633321,383.83046320119001,349.254455974633,0,84.976753278499601,0
0:01:31,,-,1.2825309069466699,15.951876952073,1.2843364656079099,-,30.2166909117703,1.00140780908395,24.59,42.934139999999999,14.357224256181899,4.77401073633321,383.83046320119001,349.254455974633,0,84.976753278499601,0
0:01:32,,-,1.21728661530076,15.140380787322799,1.21777917815842,-,30.588662959052002,1.00040464000135,25.21,41.520870000000002,14.461131879629701,4.5311495724306701,364.30442562342603,331.48735230420999,0,80.653857008323499,0
0:01:33,,-,1.21728661530076,15.140380787322799,1.21777917815842,-,30.588662959052002,1.00040464000135,25.21,41.520870000000002,14.562327553414001,4.5311495724306701,364.30442562342603,331.48735230420999,0,80.653857008323499,0
0:01:34,,-,1.0758581511041101,13.3813202873646,1.08325883037264,-,32.087947620763302,1.00687886154967,27.14,39.13588,14.6576445998698,4.0047053340572596,321.978308858204,292.974033790958,0,71.283219900476396,0
0:01:35,,-,1.0758581511041101,13.3813202873646,1.08325883037264,-,32.087947620763302,1.00687886154967,27.14,39.13588,14.747083018997101,4.0047053340572596,321.978308858204,292.974033790958,0,71.283219900476396,0
0:01:36,,-,1.0758617327947799,13.3813648357559,1.0832624046014601,-,32.087840795602602,1.0068788317132999,27.14,39.13588,14.836521587001201,4.0047186663127299,321.97938077154299,292.97500914478201,0,71.283457212842393,0
0:01:37,,-,0.99229544774341705,12.341983180888301,1.00762451682002,-,31.807986292567801,1.01544808969089,25.21,35.848619999999997,14.9224867807139,3.69365689004688,296.97001395976901,270.21852252496501,0,65.746599154492699,0
0:01:38,,-,0.99229544774341705,12.341983180888301,1.00762451682002,-,31.807986292567801,1.01544808969089,25.21,35.848619999999997,15.0049784512583,3.69365689004688,296.97001395976901,270.21852252496501,0,65.746599154492699,0
0:01:39,,-,1.0954280305184401,13.6247267477418,1.1095410853090699,-,31.688663274000199,1.0128835983719999,24.19,38.824950000000001,15.091756939332701,4.0775509972118096,327.83510017583001,298.30323681547702,0,72.579862972135501,0
0:01:40,,-,1.0954280305184401,13.6247267477418,1.1095410853090699,-,31.688663274000199,1.0128835983719999,24.19,38.824950000000001,15.1828222449371,4.0775509972118096,327.83510017583001,298.30323681547702,0,72.579862972135501,0
0:01:41,,-,1.0954280305184401,13.6247267477418,1.1095410853090699,-,31.688663274000199,1.0128835983719999,24.19,38.824950000000001,15.273887550541501,4.0775509972118096,327.83510017583001,298.30323681547702,0,72.579862972135501,0
0:01:42,,-,1.1963484081915701,14.879955325765801,1.22477594755639,-,31.8669375400675,1.0237619235083799,25.97,42.53886,15.369147720974301,4.4532105340828201,358.03812694025902,325.78553093414098,0,79.266552538720305,0
0:01:43,,-,1.1963484081915701,14.879955325765801,1.22477594755639,-,31.8669375400675,1.0237619235083799,25.97,42.53886,15.4686027562354,4.4532105340828201,358.03812694025902,325.78553093414098,0,79.266552538720305,0
0:01:44,,-,1.1438947517754201,14.227546663873399,1.1811036419794501,-,33.868535492333699,1.0325282462798999,25.64,43.100839999999998,15.5658774984429,4.2579604098680299,342.34001695338901,311.50152956132598,0,75.791126413947794,0
0:01:45,,-,1.1438947517754201,14.227546663873399,1.1811036419794501,-,33.868535492333699,1.0325282462798999,25.64,43.100839999999998,15.6609719475966,4.2579604098680299,342.34001695338901,311.50152956132598,0,75.791126413947794,0
0:01:46,,-,1.1279252632940899,14.028921185249899,1.19510023850398,-,35.6051959353345,1.05955622894172,25.1,44.427,15.755402607661299,4.1985166108526197,337.56073551255099,307.15277275435199,0,74.733034733419103,0
0:01:47,,-,1.1279252632940899,14.028921185249899,1.19510023850398,-,35.6051959353345,1.05955622894172,25.1,44.427,15.849169478637,4.1985166108526197,337.56073551255099,307.15277275435199,0,74.733034733419103,0
0:01:48,,-,1.1279222751701199,14.0288840195288,1.1950971123604199,-,35.6052902616387,1.0595562643535601,25.1,44.427,15.942936225408101,4.1985054880517003,337.55984123935701,307.15195903859097,0,74.7328367490489,0
0:01:49,,-,1.03471007828624,12.8695283368936,1.11375244172942,-,36.694472004066498,1.0763908316947099,25.97,42.383040000000001,16.032828382031301,3.8515383886465,309.66368644717801,281.768730504644,0,68.556868735923004,0
0:01:50,,-,1.0347249934561999,12.8697138489577,1.1137680836246,-,36.6939430671124,1.0763904328863101,25.97,42.383040000000001,16.1188466926762,3.85159390791789,309.66815019659799,281.772792153014,0,68.557856971536197,0
0:01:51,,-,1.02939471870567,12.803416899324301,1.1128722650476099,-,37.823994326449103,1.0810938164195201,27.02,43.529220000000002,16.204644064641901,3.83175283527879,308.07292795641501,280.32126985588502,0,68.204688529412294,0
0:01:52,,-,1.0293916961860401,12.8033793057966,1.1128690197378399,-,37.824105385986201,1.0810938380998101,27.02,43.529220000000002,16.290219752328898,3.8317415844457101,308.072023389435,280.32044677361699,0,68.204488266086798,0
0:01:53,,-,1.03754873860223,12.9048350572417,1.14570729353873,-,39.545939842089702,1.1042443124958199,26.54,45.542639999999999,16.376134370686302,3.8621048356240602,310.51322878417398,282.54174483044898,0,68.744950080401196,0
0:01:54,,-,1.03754873860223,12.9048350572417,1.14570729353873,-,39.545939842089702,1.1042443124958199,26.54,45.542639999999999,16.4623880453486,3.8621048356240602,310.51322878417398,282.54174483044898,0,68.744950080401196,0
0:01:55,,-,0.934535279970929,11.623573133966801,1.06062864161712,-,39.9312051666587,1.1349262722859501,27.52,41.995519999999999,16.544359854004899,3.47865414852641,279.68379354152398,254.48947002173099,0,61.919579080713198,0
0:01:56,,-,0.934535279970929,11.623573133966801,1.06062864161712,-,39.9312051666587,1.1349262722859501,27.52,41.995519999999999,16.6220497966553,3.47865414852641,279.68379354152398,254.48947002173099,0,61.919579080713198,0
0:01:57,,-,0.934535279970929,11.623573133966801,1.06062864161712,-,39.9312051666587,1.1349262722859501,27.52,41.995519999999999,16.699739739305802,3.47865414852641,279.68379354152398,254.48947002173099,0,61.919579080713198,0
0:01:58,,-,0.87675018124848503,10.904853000603101,0.99696920486863405,-,40.154619586011997,1.13711890364135,27.27,39.841470000000001,16.775027781727299,3.26355860563788,262.390111893285,238.75362840697099,0,58.090907154980798,0
0:01:59,,-,0.87675018124848503,10.904853000603101,0.99696920486863405,-,40.154619586011997,1.13711890364135,27.27,39.841470000000001,16.847913923919801,3.26355860563788,262.390111893285,238.75362840697099,0,58.090907154980798,0
0:02:00,,-,0.57787250544080504,7.1874689731443402,0.66326415752217005,-,35.6456827519198,1.14776901700182,21.66,24.280860000000001,16.908376891733301,2.15103552691295,172.943256363801,157.36427591512199,0,38.288144991513803,0
0:02:01,,-,0.57787250544080504,7.1874689731443402,0.66326415752217005,-,35.6456827519198,1.14776901700182,21.66,24.280860000000001,16.956416685167699,2.15103552691295,172.943256363801,157.36427591512199,0,38.288144991513803,0
0:02:02,,-,0.57787479145568199,7.18749740616519,0.66326677096105302,-,35.645541741164102,1.1477689990426201,21.66,24.280860000000001,17.0044565736228,2.1510440362280101,172.94394051273201,157.36489843492001,0,38.288296456185002,0
0:02:03,,-,0.89759930560335999,11.164170467703499,1.0360807567207599,-,39.337162784752302,1.15427981088323,23.43,39.292110000000001,17.065786252897301,3.3411660480583398,268.62975026389,244.43119106426801,0,59.472309261379102,0
0:02:04,,-,0.89759930560335999,11.164170467703499,1.0360807567207599,-,39.337162784752302,1.15427981088323,23.43,39.292110000000001,17.140405627970601,3.3411660480583398,268.62975026389,244.43119106426801,0,59.472309261379102,0
0:02:05,,-,0.80344928178919806,9.9931502710099203,0.94498331312558803,-,43.267136816136698,1.17615801587526,30.15,39.888449999999999,17.2111115553082,2.9907080418767098,240.45292656688801,218.79257668927599,0,53.234203574033103,0
0:02:06,,-,0.80345228154058401,9.99318758135054,0.94498679350012504,-,43.266975274926899,1.1761579563731599,30.15,39.888449999999999,17.277904159598101,2.9907192079587501,240.45382431988301,218.793393571374,0,53.2344023288016,0
0:02:07,,-,0.80345228154058401,9.99318758135054,0.94498679350012504,-,43.266975274926899,1.1761579563731599,30.15,39.888449999999999,17.3446968885758,2.9907192079587501,240.45382431988301,218.793393571374,0,53.2344023288016,0
0:02:08,,-,0.85744492922673499,10.664737925705699,1.0399620141867501,-,35.837730159197598,1.2128615829877401,17.64,33.727679999999999,17.413733880446699,3.1916979745059,256.61251715027402,233.49648781426501,0,56.811797521719001,0
0:02:09,,-,0.85744492922673499,10.664737925705699,1.0399620141867501,-,35.837730159197598,1.2128615829877401,17.64,33.727679999999999,17.485015135210599,3.1916979745059,256.61251715027402,233.49648781426501,0,56.811797521719001,0
0:02:10,,-,0.85744492922673499,10.664737925705699,1.0399620141867501,-,35.837730159197598,1.2128615829877401,17.64,33.727679999999999,17.556296389974602,3.1916979745059,256.61251715027402,233.49648781426501,0,56.811797521719001,0
0:02:11,,-,0.85744492922673499,10.664737925705699,1.0399620141867501,-,35.837730159197598,1.2128615829877401,17.64,33.727679999999999,17.627577644738601,3.1916979745059,256.61251715027402,233.49648781426501,0,56.811797521719001,0
0:02:12,,-,1.23964137961794,15.4184251196262,1.51701812133534,-,37.880052063502703,1.22375563310325,16.940000000000001,49.837479999999999,17.714745309009199,4.6143615124162203,370.99466559826402,337.57492571686799,0,82.135018422595607,0
0:02:13,,-,1.23964137961794,15.4184251196262,1.51701812133534,-,37.880052063502703,1.22375563310325,16.940000000000001,49.837479999999999,17.8177993827865,4.6143615124162203,370.99466559826402,337.57492571686799,0,82.135018422595607,0
0:02:14,,-,0.46366011682550101,5.7669168759390601,0.56138536666679095,-,44.9682844035665,1.2107691524351401,30,25.95,17.8885989547294,1.7258986615801599,138.762252391045,126.262346569523,0,30.720765588691801,0
0:02:15,,-,0.46366011682550101,5.7669168759390601,0.56138536666679095,-,44.9682844035665,1.2107691524351401,30,25.95,17.9271440248381,1.7258986615801599,138.762252391045,126.262346569523,0,30.720765588691801,0
0:02:16,,-,1.27473833669367,15.8549544364885,1.50607320934583,-,35.607142809973702,1.18147635949522,24.39,49.536090000000002,17.999402439823601,4.7450041729436396,381.49833550466798,347.13240973807598,0,84.460440325565997,0
0:02:17,,-,1.27473833669367,15.8549544364885,1.50607320934583,-,35.607142809973702,1.18147635949522,24.39,49.536090000000002,18.105374199686,4.7450041729436396,381.49833550466798,347.13240973807598,0,84.460440325565997,0
0:02:18,,-,1.27473833669367,15.8549544364885,1.50607320934583,-,35.607142809973702,1.18147635949522,24.39,49.536090000000002,18.2113459595484,4.7450041729436396,381.49833550466798,347.13240973807598,0,84.460440325565997,0
0:02:19,,-,1.27473833669367,15.8549544364885,1.50607320934583,-,35.607142809973702,1.18147635949522,24.39,49.536090000000002,18.317317719410799,4.7450041729436396,381.49833550466798,347.13240973807598,0,84.460440325565997,0
0:02:20,,-,0.78206948343341098,9.7272323810125698,0.90930821118791905,-,33.343584620534997,1.1626949145182199,17.8,29.103000000000002,18.4028111646629,2.9111252526134401,234.05447031012099,212.97050269234299,0,51.817640557747602,0
0:02:21,,-,0.78206948343341098,9.7272323810125698,0.90930821118791905,-,33.343584620534997,1.1626949145182199,17.8,29.103000000000002,18.467826295304601,2.9111252526134401,234.05447031012099,212.97050269234299,0,51.817640557747602,0
0:02:22,,-,0.78206948343341098,9.7272323810125698,0.90930821118791905,-,33.343584620534997,1.1626949145182199,17.8,29.103000000000002,18.532841425946302,2.9111252526134401,234.05447031012099,212.97050269234299,0,51.817640557747602,0
0:02:23,,-,1.0742757270762799,13.3616383964712,1.25683130834891,-,34.277345258667701,1.1699336368415101,20.97,40.388219999999997,18.610002425661701,3.9988150204146198,321.50472764133599,292.54311345994103,0,71.178373104608497,0
0:02:24,,-,1.0742757270762799,13.3616383964712,1.25683130834891,-,34.277345258667701,1.1699336368415101,20.97,40.388219999999997,18.699309294451002,3.9988150204146198,321.50472764133599,292.54311345994103,0,71.178373104608497,0
0:02:25,,-,1.1042658212749701,13.7346495183453,1.3021268915445301,-,36.385795182548897,1.17917884123328,24.19,44.291890000000002,18.789862733994902,4.1104482223224199,330.48003707472202,300.70991394580602,0,73.165429183894503,0
0:02:26,,-,1.10426309538011,13.734615614180401,1.30212369360447,-,36.385885001589699,1.1791788560644201,24.19,44.291890000000002,18.8816626309887,4.1104380756263303,330.47922128035702,300.709171639386,0,73.165248574059802,0
0:02:27,,-,1.10426309538011,13.734615614180401,1.30212369360447,-,36.385885001589699,1.1791788560644201,24.19,44.291890000000002,18.973462414677599,4.1104380756263303,330.47922128035702,300.709171639386,0,73.165248574059802,0
0:02:28,,-,0.72543543692318502,9.0228288174525506,0.87577611450061599,-,38.461727370721803,1.20724198174696,20.9,31.454499999999999,19.049515816346201,2.7003143126061699,217.105270733536,197.54811170243599,0,48.065233990860399,0
0:02:29,,-,0.72543543692318502,9.0228288174525506,0.87577611450061599,-,38.461727370721803,1.20724198174696,20.9,31.454499999999999,19.1098228359944,2.7003143126061699,217.105270733536,197.54811170243599,0,48.065233990860399,0
0:02:30,,-,0.72543316793226797,9.0228005961724893,0.87577340320007702,-,38.461847670308202,1.20724202023507,20.9,31.454499999999999,19.170129761329601,2.7003058666599999,217.10459167946399,197.54749381854401,0,48.065083654147003,0
0:02:31,,-,0.81161644769960395,10.0947319365622,0.99750582212598304,-,37.682331459255501,1.22903598732289,19.48,33.895200000000003,19.234018893740402,3.0211089761002099,242.897161678457,221.01663154163401,0,53.775336141516803,0
0:02:32,,-,0.81161865354740803,10.094759372480199,0.99750846164774798,-,37.682229044793097,1.22903589917242,19.48,33.895200000000003,19.301490419228401,3.0211171870065101,242.89782183532299,221.01723223060799,0,53.7754822945518,0
0:02:33,,-,0.81161865354740803,10.094759372480199,0.99750846164774798,-,37.682229044793097,1.22903589917242,19.48,33.895200000000003,19.368962036404898,3.0211171870065101,242.89782183532299,221.01723223060799,0,53.7754822945518,0
0:02:34,,-,0.91579442328674199,11.3904779015764,1.1348035322586201,-,38.384706333807301,1.2391465850882399,21.5,38.807499999999997,19.440763832307699,3.4088943863766001,274.075108664678,249.386023648406,0,60.677864634648799,0
0:02:35,,-,0.91579442328674199,11.3904779015764,1.1348035322586201,-,38.384706333807301,1.2391465850882399,21.5,38.807499999999997,19.516895806936802,3.4088943863766001,274.075108664678,249.386023648406,0,60.677864634648799,0
0:02:36,,-,0.91579442328674199,11.3904779015764,1.1348035322586201,-,38.384706333807301,1.2391465850882399,21.5,38.807499999999997,19.593027781565802,3.4088943863766001,274.075108664678,249.386023648406,0,60.677864634648799,0
0:02:37,,-,0.83854054401741296,10.429608756435499,1.0705754354233701,-,39.9924848467478,1.2767127875466699,21.58,37.203919999999997,19.665948615011398,3.1213295042692302,250.95489214324601,228.34850990897201,0,55.559248153034602,0
0:02:38,,-,0.83854280379549295,10.429636863128,1.07057826459436,-,39.992377071521197,1.27671272086363,21.58,37.203919999999997,19.735658401203501,3.1213379159221302,250.95556844013899,228.34912528405599,0,55.559397879332302,0
0:02:39,,-,0.84783703584141501,10.5452367641967,1.0934595409824299,-,39.765991074617702,1.2897048545387699,21.42,37.356479999999998,19.805754606149499,3.15593416879438,253.737107171068,230.88009895441201,0,56.175206558251197,0
0:02:40,,-,0.84783703584141501,10.5452367641967,1.0934595409824299,-,39.765991074617702,1.2897048545387699,21.42,37.356479999999998,19.8762371359193,3.15593416879438,253.737107171068,230.88009895441201,0,56.175206558251197,0
0:02:41,,-,0.84783703584141501,10.5452367641967,1.0934595409824299,-,39.765991074617702,1.2897048545387699,21.42,37.356479999999998,19.946719665688999,3.15593416879438,253.737107171068,230.88009895441201,0,56.175206558251197,0
0:02:42,,-,0.71728069285567297,8.9214016524337492,0.932621005100151,-,43.765711683970501,1.30021763361168,23.34,35.360100000000003,20.0117754796265,2.6699596166534301,214.664753178936,195.32743952410101,0,47.524924458418802,0
0:02:43,,-,0.71728069285567297,8.9214016524337492,0.932621005100151,-,43.765711683970501,1.30021763361168,23.34,35.360100000000003,20.071404577731801,2.6699596166534301,214.664753178936,195.32743952410101,0,47.524924458418802,0
0:02:44,,-,0.71728069285567297,8.9214016524337492,0.932621005100151,-,43.765711683970501,1.30021763361168,23.34,35.360100000000003,20.131033675836999,2.6699596166534301,214.664753178936,195.32743952410101,0,47.524924458418802,0
0:02:45,,-,0.87631200560540501,10.8994030547936,1.13690843624997,-,40.5576093590618,1.29737859230233,20.76,39.070320000000002,20.197273082740601,3.2619275687457998,262.25897652716202,238.63430590564499,0,58.061874916215302,0
0:02:46,,-,0.87631412816388599,10.899429454774699,1.1369111693292999,-,40.557511122716001,1.2973785687005199,20.76,39.070320000000002,20.2701228866691,3.2619354696212599,262.25961175754901,238.63488391355401,0,58.062015550742998,0
0:02:47,,-,0.87631412816388599,10.899429454774699,1.1369111693292999,-,40.557511122716001,1.2973785687005199,20.76,39.070320000000002,20.342972778823999,3.2619354696212599,262.25961175754901,238.63488391355401,0,58.062015550742998,0
0:02:48,,-,0.70106213235006098,8.7196782630604606,0.91584780480916905,-,40.8544530910399,1.3063718072164501,20.27,32.087409999999998,20.408538131916501,2.6095886879200298,209.81093050877001,190.91085627031899,0,46.4503299927783,0
0:02:49,,-,0.70106213235006098,8.7196782630604606,0.91584780480916905,-,40.8544530910399,1.3063718072164501,20.27,32.087409999999998,20.466818945946699,2.6095886879200298,209.81093050877001,190.91085627031899,0,46.4503299927783,0
0:02:50,,-,0.84562409533191396,10.5177126285064,1.1007681827782101,-,43.225695911198898,1.30172282087841,26.43,41.045789999999997,20.531108634577102,3.14769686106635,253.07482762973501,230.27747851886301,0,56.0285835812318,0
0:02:51,,-,0.84562409533191396,10.5177126285064,1.1007681827782101,-,43.225695911198898,1.30172282087841,26.43,41.045789999999997,20.6014071978075,3.14769686106635,253.07482762973501,230.27747851886301,0,56.0285835812318,0
0:02:52,,-,0.84562161824686699,10.5176818189909,1.1007649574827201,-,43.225822532518301,1.30172281991184,26.43,41.045789999999997,20.6717056580753,3.1476876405239498,253.07408629812599,230.27680396748499,0,56.028419456808898,0
0:02:53,,-,0.84240310716859401,10.4776505866741,1.1062626688193,-,37.130881562311203,1.31322244588766,18.07,34.35107,20.741870234480601,3.13570726144735,252.110863820367,229.400349973587,0,55.815170309875199,0
0:02:54,,-,0.84240495966067497,10.4776736276203,1.10626507258919,-,37.130799909582002,1.3132224115047899,18.07,34.35107,20.811901106987101,3.1357141570449798,252.11141822641599,229.400854437932,0,55.815293050591798,0
0:02:55,,-,0.84240495966067497,10.4776736276203,1.10626507258919,-,37.130799909582002,1.3132224115047899,18.07,34.35107,20.881932056494499,3.1357141570449798,252.11141822641599,229.400854437932,0,55.815293050591798,0
0:02:56,,-,0.75274198250005098,9.3624624689061093,0.97577750280605502,-,38.914210554209397,1.29629743722443,20.76,32.821559999999998,20.948236067221199,2.80195844535185,225.27745900628901,204.98413735167301,0,49.874485973643203,0
0:02:57,,-,0.75274198250005098,9.3624624689061093,0.97577750280605502,-,38.914210554209397,1.29629743722443,20.76,32.821559999999998,21.0108131391674,2.80195844535185,225.27745900628901,204.98413735167301,0,49.874485973643203,0
0:02:58,,-,0.75274417352816003,9.3624897204995001,0.97578028153180696,-,38.914097285808097,1.2962973555255299,20.76,32.821559999999998,21.073390302186102,2.8019666010942701,225.27811472797899,204.98473400499901,0,49.8746311447685,0
0:02:59,,-,0.84374248322414702,10.4943094928376,1.0840223397408699,-,41.526177354627798,1.28477866327005,23.9,39.1004,21.1397499996012,3.1406928689165801,252.511706660893,229.765084307157,0,55.9039134567291,0
0:03:00,,-,0.84374248322414702,10.4943094928376,1.0840223397408699,-,41.526177354627798,1.28477866327005,23.9,39.1004,21.209892140340301,3.1406928689165801,252.511706660893,229.765084307157,0,55.9039134567291,0
0:03:01,,-,0.815647165510891,10.1448652426728,1.0637815728926201,-,42.086384225339003,1.3042178258859101,24.59,38.507939999999998,21.2788664687621,3.0361126613930902,244.10345797600399,222.114262911563,0,54.042399735173497,0
0:03:02,,-,0.815647165510891,10.1448652426728,1.0637815728926201,-,42.086384225339003,1.3042178258859101,24.59,38.507939999999998,21.346672984866601,3.0361126613930902,244.10345797600399,222.114262911563,0,54.042399735173497,0
0:03:03,,-,0.50750007830692201,6.3121900286930499,0.67716081776271797,-,44.482751757029803,1.33430682419164,37.5,28.95,21.401671033465401,1.88908572058914,151.882491935367,138.20069582427499,0,33.625473436563198,0
0:03:04,,-,1.19242701275152,14.8311817506408,1.5714403459296,-,49.585357734864402,1.3178503414674401,50.84,67.769720000000007,21.472330344592901,4.4386137833684396,356.864548182823,324.71766986065199,0,79.006732326192605,0
0:03:05,,-,1.19242701275152,14.8311817506408,1.5714403459296,-,49.585357734864402,1.3178503414674401,50.84,67.769720000000007,21.5714593857548,4.4386137833684396,356.864548182823,324.71766986065199,0,79.006732326192605,0
0:03:06,,-,1.196327972762,14.8797011537562,1.5306403166985301,-,32.7803084880317,1.27944873943279,24,43.295999999999999,21.6707505745456,4.4531344665513197,358.03201111072599,325.77996602744099,0,79.265198546822603,0
0:03:07,,-,1.196327972762,14.8797011537562,1.5306403166985301,-,32.7803084880317,1.27944873943279,24,43.295999999999999,21.770203910965201,4.4531344665513197,358.03201111072599,325.77996602744099,0,79.265198546822603,0
0:03:08,,-,1.7511650214245,21.780659470454001,2.1834095645972398,-,40.639316757314603,1.24683255883053,39.21,77.831850000000003,21.892719650385999,6.5184242875477096,524.08131271883599,476.87130467324801,0,116.027081429014,0
0:03:09,,-,1.7511650214245,21.780659470454001,2.1834095645972398,-,40.639316757314603,1.24683255883053,39.21,77.831850000000003,22.038297792807899,6.5184242875477096,524.08131271883599,476.87130467324801,0,116.027081429014,0
0:03:10,,-,1.68923487015881,21.010383957199199,2.1168487348072298,-,43.9048537951548,1.2531405621577201,38.21,80.66131,22.181301741401398,6.2878994670979402,505.54711715467499,460.00669644308903,0,111.92377042410899,0
0:03:11,,-,1.8229717066786599,22.673777446252,2.2686853247307299,-,41.789381437409503,1.2444983739567399,41.09,83.166160000000005,22.327290412658101,6.7857128842490297,545.571315893622,496.42545705893002,0,120.78478273939901,0
0:03:12,,-,1.6221517024505401,20.176016199633601,2.0304284519829801,-,43.886924935845002,1.25168838951108,42.25,78.373750000000001,22.470490699375599,6.0381933889582999,485.47074847224701,441.73883629554302,0,107.47903559502301,0
0:03:13,,-,1.6221517024505401,20.176016199633601,2.0304284519829801,-,43.886924935845002,1.25168838951108,42.25,78.373750000000001,22.605343685062401,6.0381933889582999,485.47074847224701,441.73883629554302,0,107.47903559502301,0
0:03:14,,-,1.80272846936291,22.4219958875983,2.1978824144142601,-,43.238325307830102,1.2191977060144801,43.16,85.28416,22.7477025396906,6.7103607568576997,539.51300485135903,490.91288750011103,0,119.4435249392,0
0:03:15,,-,1.9037226642663101,23.678142590377,2.1878474059087401,-,40.263606374377503,1.1492469186691801,39.47,83.360640000000004,22.901765196382001,7.0862950662491597,569.73812332643195,518.41528327594403,0,126.135105419938,0
0:03:16,,-,1.9037226642663101,23.678142590377,2.1878474059087401,-,40.263606374377503,1.1492469186691801,39.47,83.360640000000004,23.060025786194899,7.0862950662491597,569.73812332643195,518.41528327594403,0,126.135105419938,0
0:03:17,,-,2.1711827389841099,27.004760435125799,2.3528514813405801,-,37.035804751111897,1.08367270939224,36.14,86.555300000000003,23.229403643761799,8.0818712830306207,649.78245115566199,591.24910145884201,0,143.85622906541201,0
0:03:18,,-,2.1711827389841099,27.004760435125799,2.3528514813405801,-,37.035804751111897,1.08367270939224,36.14,86.555300000000003,23.409898769082901,8.0818712830306207,649.78245115566199,591.24910145884201,0,143.85622906541201,0
0:03:19,,-,2.5379964876985701,31.567120493763301,2.5782125446430202,-,33.761867053527901,1.01584559204056,37.5,92.0625,23.605640905250802,9.4472752394674195,759.56092925318103,691.13857434201702,0,168.16023706618401,0
0:03:20,,-,2.6743496768308099,33.263055681975203,2.6031015724442899,-,32.106586787765202,0.97335871782072103,40.81,92.801940000000002,23.822067585094501,9.9342184778816698,798.71116562168595,704.96171883055899,21.651118983509999,171.52353256218001,2.3305833136178702
0:03:21,,-,2.6743496768308099,33.263055681975203,2.6031015724442899,-,32.106586787765202,0.97335871782072103,40.81,92.801940000000002,24.0439317977672,9.9342184778816698,798.71116562168595,704.96171883055899,21.651118983509999,171.52353256218001,2.3305833136178702
0:03:22,,-,2.54599004702315,31.666542873422301,2.4693927537260301,-,29.155341784148298,0.96991453545284601,27.77,78.950109999999995,24.260384325900802,9.4495900116937399,759.74703694017705,662.28187871485295,28.827303349617001,161.13914323962399,3.1030466468909501
0:03:23,,-,2.54599004702315,31.666542873422301,2.4693927537260301,-,29.155341784148298,0.96991453545284601,27.77,78.950109999999995,24.471425169495301,9.4495900116937399,759.74703694017705,662.28187871485295,28.827303349617001,161.13914323962399,3.1030466468909501
0:03:24,,-,2.8512363698813501,35.463138928872503,2.6163639949730801,-,26.624632318070098,0.91762437608143999,35.08,81.876720000000006,24.693632466565202,10.4495709199426,840.14550196338405,591.314013760281,171.964436660198,143.87202281271999,18.5107036232721
0:03:25,,-,2.8512363698813501,35.463138928872503,2.6163639949730801,-,26.624632318070098,0.91762437608143999,35.08,81.876720000000006,24.927006217110598,10.4495709199426,840.14550196338405,591.314013760281,171.964436660198,143.87202281271999,18.5107036232721
0:03:26,,-,3.3646115771085499,41.848402700355102,3.1299323246209201,-,28.440394323981401,0.93025071479742505,35.92,101.79728,25.181812909984199,12.368938889632799,994.46268672647602,740.62942352478501,163.126026772106,180.20180621041001,17.559313969010301
0:03:27,,-,3.6025070780544799,44.8073019658517,3.3375414116144602,-,27.9575300805216,0.92644964723203005,36.36,106.8984,25.467681969965899,13.2312754370846,1063.7945451416001,779.18490571177597,187.488930611142,189.58270211965399,20.181800926926002
0:03:28,,-,3.6025017115989399,44.807235218892203,3.3375364648816999,-,27.957571727369899,0.92644965417667102,36.36,106.8984,25.7631802348827,13.231255749496301,1063.7929622595,779.18377023585504,187.48862788031201,189.58242584813999,20.181768340184298
0:03:29,,-,3.4154350628143999,42.480535607144198,3.2338036036606601,-,28.021191514365199,0.94682040331223005,33.51,101.40125999999999,26.051698985980199,12.6062443487882,1013.54204564257,808.895117674885,112.569531022264,196.81146415447299,12.117279980868
0:03:30,,-,3.4154350628143999,42.480535607144198,3.2338036036606601,-,28.021191514365199,0.94682040331223005,33.51,101.40125999999999,26.333238443103099,12.6062443487882,1013.54204564257,808.895117674885,112.569531022264,196.81146415447299,12.117279980868
0:03:31,,-,3.6009312238298001,44.787701788927798,3.4039430455773401,-,29.728793288682901,0.94529521226374502,40.26,113.89554,26.622368571972,13.2860059976793,1068.19488221341,847.28790073244795,123.82875643149499,206.15277390083901,13.329252576049001
0:03:32,,-,3.56270504526687,44.312251806801903,3.4208738329734798,-,29.943216922131999,0.96019002120823305,41.95,113.81035,26.918042879473401,13.192290196470999,1060.66013179627,891.81451561704398,72.797938322862905,216.986500150132,7.8361612834082797
0:03:33,,-,3.49783756947298,43.505442406380403,3.4144419918879798,-,30.798308343469301,0.97615796161810597,41.37,114.76038,27.210544700990699,13.001902775228899,1045.3529831284,931.90940491520598,19.144675610258101,226.741947667933,2.0607831657974298
0:03:34,,-,3.49783756947298,43.505442406380403,3.4144419918879798,-,30.798308343469301,0.97615796161810597,41.37,114.76038,27.500920529637401,13.001902775228899,1045.3529831284,931.90940491520598,19.144675610258101,226.741947667933,2.0607831657974298
0:03:35,,-,3.7779537544658401,46.989474558032803,3.67975712908019,-,29.153583436484599,0.97400798639486696,39.21,116.80659,27.802842508031102,14.0358863346534,1128.48526130613,998.34700370014605,28.287646748588799,242.90681355234699,3.0449565929589699
0:03:36,,-,3.7779481397996499,46.989404723876198,3.6797516976180802,-,29.153626763611701,0.97400799625937395,39.21,116.80659,28.116310403610001,14.035865508232099,1128.48358686186,998.34555757818805,28.2875697931843,242.906461697856,3.0449483092771099
0:03:37,,-,3.67464136444727,45.704494582677398,3.6635926626400801,-,28.900779550217301,0.996993257106915,37.5,112.575,28.425784684293301,13.6782491798265,1099.7312340580499,1000.66584258564,0,243.47100792838,0
0:03:38,,-,3.7706068805240198,46.898095528905699,3.7607105062372899,-,29.171855747718102,0.997375389532692,38.46,116.5338,28.7352544932812,14.0354650578897,1128.45139065433,1026.79884564091,0,249.829402832337,0
0:03:39,,-,3.7706068805240198,46.898095528905699,3.7607105062372899,-,29.171855747718102,0.997375389532692,38.46,116.5338,29.048713212907401,14.0354650578897,1128.45139065433,1026.79884564091,0,249.829402832337,0
0:03:40,,-,3.6772963552906699,45.737516856849197,3.7270116368287698,-,29.5199215705908,1.0135195199773801,38.700000000000003,115.13249999999999,29.358293379465898,13.688131947346999,1100.5258085667001,1001.38884066515,0,243.646919869866,0
0:03:41,,-,4.0143304323099303,49.9294829889295,4.07001653166403,-,28.678516116510799,1.0138718275172101,37.97,121.57993999999999,29.678004179488202,14.942685965098301,1201.3919515939001,1093.1688146031699,0,265.97781377206098,0
0:03:42,,-,4.0143304323099303,49.9294829889295,4.07001653166403,-,28.678516116510799,1.0138718275172101,37.97,121.57993999999999,30.011724166042001,14.942685965098301,1201.3919515939001,1093.1688146031699,0,265.97781377206098,0
0:03:43,,-,3.7824909129962299,47.045906878062503,3.8877101638890901,-,28.631926022054198,1.0278174497475601,37.5,114.675,30.335807491816102,14.0797014176577,1132.0079939796799,1030.03506495803,0,250.61680412604099,0
0:03:44,,-,3.8271579837739398,47.601467459874897,4.0452451342876001,-,30.617068983510599,1.05698409928158,48.38,125.40096,30.652110791996702,14.245967255228001,1145.3757673203299,1042.1986498041699,0,253.57631382096699,0
0:03:45,,-,3.8271579837739398,47.601467459874897,4.0452451342876001,-,30.617068983510599,1.05698409928158,48.38,125.40096,30.970270727363399,14.245967255228001,1145.3757673203299,1042.1986498041699,0,253.57631382096699,0
0:03:46,,-,3.3509412848720102,41.678374189950397,3.42859468756021,-,23.212355391351199,1.0231736088718599,27.14,82.397040000000004,31.2686361997389,12.4733287783968,1002.8556337831,912.516937495977,0,222.02358576544501,0
0:03:47,,-,3.3509412848720102,41.678374189950397,3.42859468756021,-,23.212355391351199,1.0231736088718599,27.14,82.397040000000004,31.547207209123101,12.4733287783968,1002.8556337831,912.516937495977,0,222.02358576544501,0
0:03:48,,-,5.0070970111296296,62.277326009075097,5.2462922906774399,-,27.0167244012476,1.04777124929198,44.44,142.83016000000001,31.894618125437901,18.6380965632267,1498.5029636834299,1363.51563394098,0,331.75562869610297,0
0:03:49,,-,4.4274902503899298,55.0682866963922,4.6463860057256703,-,28.370305273724199,1.0494401439543499,42.25,132.79175000000001,32.286776965765803,16.480605555692101,1325.04068667765,1205.6790915193301,0,293.35257701200402,0
0:03:50,,-,4.3645776889197903,54.285792150743703,4.6690013701573703,-,30.5782619791174,1.06974871406469,45.8,141.24719999999999,32.652228794403499,16.246423874547499,1306.2124795136201,1188.5469566825,0,289.18417437530297,0
0:03:51,,-,4.3645776889197903,54.285792150743703,4.6690013701573703,-,30.5782619791174,1.06974871406469,45.8,141.24719999999999,33.0150655942684,16.246423874547499,1306.2124795136201,1188.5469566825,0,289.18417437530297,0
0:03:52,,-,4.3277183618025301,53.827342808489199,4.7207098209558103,-,30.2072337132286,1.0908080023464399,44.77,138.33930000000001,33.3763702962707,16.109221080884801,1295.1813749031401,1178.50955004364,0,286.74198297898698,0
0:03:53,,-,4.1970700426438903,52.202363714476199,4.5973421902068399,-,31.506679339737701,1.0953694228345101,43.47,139.62564,33.730712361488997,15.6229041625408,1256.0814946682799,1142.9318439746401,0,278.085606806481,0
0:03:54,,-,4.1970642600275703,52.202291791387701,4.5973359535834497,-,31.5067227488986,1.0953694460597201,43.47,139.62564,34.079623647425002,15.622882637701,1256.0797640711601,1142.9302692722199,0,278.08522366720803,0
0:03:55,,-,4.21377811405962,52.410175548005199,4.6098051009408296,-,31.321839078243499,1.09398382547952,43.16,139.32048,34.4292294224499,15.6850972152697,1261.08181610768,1147.4817291751301,0,279.192634835798,0
0:03:56,,-,4.2182222026193301,52.465450281334903,4.7158873760869602,-,31.810230365929701,1.1179798383211299,44.11,141.68132,34.779714650279601,15.701639605306701,1262.41182426666,1148.6919282618101,0,279.487087168323,0
0:03:57,,-,4.3255006844789801,53.799759757201301,4.7834402211807303,-,32.312176137555099,1.10586971777509,46.87,147.73424,35.134843747781701,16.100966141144202,1294.5176777480001,1177.90563969499,0,286.59504615449902,0
0:03:58,,-,4.3255006844789801,53.799759757201301,4.7834402211807303,-,32.312176137555099,1.10586971777509,46.87,147.73424,35.494431991600599,16.100966141144202,1294.5176777480001,1177.90563969499,0,286.59504615449902,0
0:03:59,,-,4.2951570233246201,53.4223510363759,4.8670987829887302,-,31.682043115310599,1.1331596857945401,44.11,143.57804999999999,35.852758968271303,15.988016844292201,1285.4365542810999,1169.6425570578799,0,284.58456376104198,0
0:04:00,,-,4.00359097459972,49.795907644275097,4.4358966990834396,-,31.2794091090988,1.1079794932165701,41.66,132.31216000000001,36.197705419115302,14.902710096966601,1198.1778917961101,1090.24428199368,0,265.26624866026299,0
0:04:01,,-,4.2735711235698597,53.1538696961426,4.7621633671066599,-,30.3016484938777,1.11432879655192,42.25,136.67875000000001,36.541754628651397,15.907666876408801,1278.9764168632701,1163.7643582287201,0,283.154345067816,0
0:04:02,,-,4.2735711235698597,53.1538696961426,4.7621633671066599,-,30.3016484938777,1.11432879655192,42.25,136.67875000000001,36.8970258555578,15.907666876408801,1278.9764168632701,1163.7643582287201,0,283.154345067816,0
0:04:03,,-,4.4234130645084999,55.017575429210197,4.9961812214310104,-,32.614896663743998,1.1294855688513801,48.38,152.49376000000001,37.2585254250682,16.4654289006372,1323.82048361123,1204.5688061225401,0,293.08243457969201,0
0:04:04,,-,4.3548911491918103,54.165312800893197,4.9448874298248597,-,31.726156927169299,1.1354789960117699,44.44,145.71876,37.623405149540197,16.2103673207375,1303.3135325873,1185.90915111801,0,288.54237253479499,0
0:04:05,,-,4.2898204279051297,53.355975471456901,4.8480505370704403,-,30.988956818623201,1.13012901554901,41.66,140.01926,37.982731951346402,15.968152244000599,1283.8394404176499,1168.1893135376699,0,284.230976529847,0
0:04:06,,-,4.2898204279051297,53.355975471456901,4.8480505370704403,-,30.988956818623201,1.13012901554901,41.66,140.01926,38.3393540181291,15.968152244000599,1283.8394404176499,1168.1893135376699,0,284.230976529847,0
0:04:07,,-,4.1754946072851098,51.934012528421803,4.7758815095653198,-,29.850600161843101,1.1437882116367,38.21,131.13672,38.691224008324802,15.5425931466535,1249.6244889909401,1137.05649477422,0,276.65608145358101,0
0:04:08,,-,4.4105660350684399,54.857786505826297,4.9936221659812903,-,31.282556230417999,1.1321953069689801,43.47,145.36367999999999,39.048112920489899,16.417607942760402,1319.97567859793,1201.07034674532,0,292.231227918569,0
0:04:09,,-,4.4105660350684399,54.857786505826297,4.9936221659812903,-,31.282556230417999,1.1321953069689801,43.47,145.36367999999999,39.414772831211501,16.417607942760402,1319.97567859793,1201.07034674532,0,292.231227918569,0
0:04:10,,-,4.2536177861289799,52.905693857325602,4.8742472044695999,-,31.096000310919599,1.1459062495846399,41.66,139.3527,39.774909017938697,15.8333938537062,1273.0048658379801,1158.3307332181701,0,281.83229518690302,0
0:04:11,,-,4.4256550391679701,55.045460686168802,5.0144005109028003,-,29.867901775021998,1.1330301314775599,39.47,138.89492999999999,40.1356723954678,16.473774283221701,1324.4914523710299,1205.1793330390899,0,293.23098127471701,0
0:04:12,,-,4.4256602245934697,55.045525181510797,5.0144063580666902,-,29.867866779615301,1.13303012513287,39.47,138.89492999999999,40.503586903330898,16.473793585116798,1324.49300424339,1205.18074511653,0,293.23132484587097,0
0:04:13,,-,4.5092189029577199,56.084812225842299,5.28718113955013,-,32.851443495642798,1.17252705032398,46.51,156.04105000000001,40.874974833719897,16.784827046738702,1349.5000945577899,1227.93516030918,0,298.76767890734197,0
0:04:14,,-,4.3289657146113401,53.8428571469072,5.0096184598095199,-,33.596387587250199,1.1572321866400599,46.87,153.40550999999999,41.242343552049199,16.113864146926399,1295.55467741288,1178.8492249195299,0,286.82462893419199,0
0:04:15,,-,4.4228770744266699,55.010908885903902,5.0723118010153803,-,34.438361599670799,1.14683535528125,50.84,160.95944,41.606123378738602,16.463433765556001,1323.6600747507,1204.42284712582,0,293.04692144180501,0
0:04:16,,-,4.4228770744266699,55.010908885903902,5.0723118010153803,-,34.438361599670799,1.14683535528125,50.84,160.95944,41.973806732836003,16.463433765556001,1323.6600747507,1204.42284712582,0,293.04692144180501,0
0:04:17,,-,3.5122738229768702,43.684997798219797,4.0021711429046096,-,26.585840030222201,1.1394815280980899,29.41,98.376450000000006,42.303639876299997,13.073862664060499,1051.1385581904599,956.45046574206299,0,232.71300869636599,0
0:04:18,,-,4.9868075276192796,62.024969248996001,5.6473320156193001,-,31.282538805839,1.1324543777440199,48,164.16,42.6569133999757,18.562572291968699,1492.43081227428,1357.99047077569,0,330.411306758075,0
0:04:19,,-,4.9868075276192796,62.024969248996001,5.6473320156193001,-,31.282538805839,1.1324543777440199,48,164.16,43.071477514496301,18.562572291968699,1492.43081227428,1357.99047077569,0,330.411306758075,0
0:04:20,,-,4.3900408726710998,54.602498416307199,5.0276905894210699,-,31.332491880948702,1.1452491526262301,43.16,144.88811999999999,43.461236376506797,16.3412063955391,1313.8329942013399,1195.4810043068301,0,290.87129058560203,0
0:04:21,,-,4.4522877744751996,55.376713612875598,5.1401609590702302,-,31.487351469891099,1.15449881486515,43.47,147.58064999999999,43.828777345914901,16.572910267864199,1332.4619855362801,1212.43186896665,0,294.99558855636297,0
0:04:22,,-,4.4522877744751996,55.376713612875598,5.1401609590702302,-,31.487351469891099,1.15449881486515,43.47,147.58064999999999,44.198905675230499,16.572910267864199,1332.4619855362801,1212.43186896665,0,294.99558855636297,0
0:04:23,,-,4.4819368733623399,55.745483499531602,5.1559672851755503,-,32.005296828821102,1.15038819841912,44.11,150.94442000000001,44.570266401461197,16.683274170709101,1341.33524332501,1220.50581076866,0,296.96005128191302,0
0:04:24,,-,4.4619699687420296,55.4971389147018,5.21330641799576,-,32.499104883236797,1.1683867113667601,44.77,152.62092999999999,44.942029578585696,16.608950646408498,1335.3596319712401,1215.06849118993,0,295.637102479303,0
0:04:25,,-,4.3010823218221201,53.496048778882098,5.1163956233759604,-,34.976666044436101,1.18956003176625,48.78,158.73012,45.3062753403496,16.010072795138999,1287.2098527291701,1171.2561141987101,0,284.97715673934403,0
0:04:26,,-,4.2629997165750204,53.022384534515197,5.1066316963587797,-,33.810579306301399,1.1978963255624,46.51,152.04119,45.6622506880312,15.8683165494747,1275.81265057776,1160.88558861867,0,282.45391450576,0
0:04:27,,-,4.2629997165750204,53.022384534515197,5.1066316963587797,-,33.810579306301399,1.1978963255624,46.51,152.04119,46.016643090969403,15.8683165494747,1275.81265057776,1160.88558861867,0,282.45391450576,0
0:04:28,,-,4.2325185752245398,52.643265861001701,5.0247444566489099,-,32.820033162555099,1.1871759963587001,45.8,146.69739999999999,46.369768512246203,15.754855505164,1266.6903826151799,1152.5850678419899,0,280.43432307591002,0
0:04:29,,-,4.4892983015955696,55.837043552183701,5.2834404141978304,-,32.466189637743099,1.1768967128604499,45.11,153.41910999999999,46.7323002793662,16.7106758787146,1343.5383406486601,1222.5104498762801,0,297.447798023426,0
0:04:30,,-,4.5743293567525898,56.894643740703799,5.3364468282507103,-,33.264233537399399,1.1666074766507799,47.61,160.25525999999999,47.109039781915399,17.0271900212141,1368.9860777056199,1245.6658177110501,0,303.08170747227501,0
0:04:31,,-,4.5743293567525898,56.894643740703799,5.3364468282507103,-,33.264233537399399,1.1666074766507799,47.61,160.25525999999999,47.489313692389203,17.0271900212141,1368.9860777056199,1245.6658177110501,0,303.08170747227501,0
0:04:32,,-,3.3086729798362602,41.152649002938603,3.7834895643950102,-,27.597015648406199,1.14350665280382,29.55,96.332999999999998,47.8169792244287,12.315991952473601,990.20575297888104,901.00657638087898,0,219.22301128488499,0
0:04:33,,-,3.3086729798362602,41.152649002938603,3.7834895643950102,-,27.597015648406199,1.14350665280382,29.55,96.332999999999998,48.092036378034003,12.315991952473601,990.20575297888104,901.00657638087898,0,219.22301128488499,0
0:04:34,,-,5.1271533832827103,63.770564468690402,5.9936185805280298,-,31.471572613005801,1.16899537276776,49.18,169.72018,48.442680639628897,19.084986697818898,1534.4329305046399,1396.2089770140401,0,339.71021338541198,0
0:04:35,,-,4.8267246685726501,60.033888912595202,5.6738938770279299,-,33.722130673787397,1.1755163732398699,49.99,171.26573999999999,48.8564243642222,17.966690131427999,1444.5218865668201,1314.3972508818299,0,319.80468391285399,0
0:04:36,,-,4.4326421683204202,55.132365277617097,5.3610281088595499,-,34.948176306028898,1.20944301508798,48.38,163.13736,49.241299977778297,16.4997827243511,1326.58253103783,1207.0820442936399,0,293.693928051981,0
0:04:37,,-,4.4817555042541803,55.743227664852903,5.33413890984151,-,34.754238568380003,1.1901896265376899,48,163.92,49.611836574303098,16.682599053981001,1341.28096394007,1220.4564209497801,0,296.94803429435098,0
0:04:38,,-,4.4817555042541803,55.743227664852903,5.33413890984151,-,34.754238568380003,1.1901896265376899,48,163.92,49.984414619841999,16.682599053981001,1341.28096394007,1220.4564209497801,0,296.94803429435098,0
0:04:39,,-,4.2996296816820498,53.477981115448401,5.02689601827446,-,34.268923351175197,1.16914627315251,46.51,155.25038000000001,50.349422408262697,16.0046655807107,1286.7751126891401,1170.86053617474,0,284.88090904494902,0
0:04:40,,-,4.2296274556017703,52.607306661713501,4.9325671774002302,-,33.525832118428298,1.16619424031482,48.38,150.02637999999999,50.703950221202497,15.7440937870296,1265.82514047718,1151.79776797612,0,280.24276593092998,0
0:04:41,,-,4.0459818317665404,50.323157111524203,4.6045784978792303,-,31.3792807973552,1.1380620796976699,40,133.76,51.047934886475304,15.060503103077099,1210.8644494874,1101.7880160884399,0,268.07494308721101,0
0:04:42,,-,4.0459818317665404,50.323157111524203,4.6045784978792303,-,31.3792807973552,1.1380620796976699,40,133.76,51.384286122444003,15.060503103077099,1210.8644494874,1101.7880160884399,0,268.07494308721101,0
0:04:43,,-,4.9764526460483998,61.896177189656697,5.8891998509760404,-,32.700015769107601,1.1834132201885601,48.78,171.02268000000001,51.759313385818402,18.5240279453763,1489.33184680825,1355.1706646329001,0,329.72522253841902,0
0:04:44,,-,4.5299978711567501,56.343257103939699,5.2965015358110703,-,32.368072606303102,1.1692061865050301,42.55,153.86080000000001,52.1544593002208,16.862173344387202,1355.7187368887301,1233.5936182806399,0,300.14443267169003,0
0:04:45,,-,4.4170367742435799,54.938268336363002,5.1704752640546303,-,32.899821175902701,1.17057555286939,43.16,152.65692000000001,52.526352487877702,16.441694206979701,1321.91221424117,1202.8324364369801,0,292.65996020364503,0
0:04:46,,-,4.4170367742435799,54.938268336363002,5.1704752640546303,-,32.899821175902701,1.17057555286939,43.16,152.65692000000001,52.893550325166899,16.441694206979701,1321.91221424117,1202.8324364369801,0,292.65996020364503,0
0:04:47,,-,4.5696672283038904,56.836657068456397,5.3392095585782604,-,33.315161125311597,1.16840226909914,45.8,160.02520000000001,53.267092412628799,17.009836013487899,1367.5908154844301,1244.39624274314,0,302.77280845331899,0
0:04:48,,-,4.6434275801181002,57.754074379578398,5.5009937062012302,-,34.141805221385098,1.1846838593445499,48.78,166.82759999999999,53.650044679193599,17.284396813207799,1389.66550378191,1264.4824109639901,0,307.65995400583699,0
0:04:49,,-,4.5486591084386196,56.575362045256497,5.4963904377123498,-,34.749845225103698,1.2083540020652499,47.61,166.15889999999999,54.032123720497403,16.931636736383801,1361.3035936052499,1238.6753829690399,0,301.380871768622,0
0:04:50,,-,4.4586131562946001,55.455387516102,5.3251665990103696,-,34.250639076952801,1.1943549288397901,46.15,160.55584999999999,54.4065207500593,16.5964554631915,1334.3550192405901,1214.15437543742,0,295.41468988744901,0
0:04:51,,-,4.4586131562946001,55.455387516102,5.3251665990103696,-,34.250639076952801,1.1943549288397901,46.15,160.55584999999999,54.7771749220706,16.5964554631915,1334.3550192405901,1214.15437543742,0,295.41468988744901,0
0:04:52,,-,4.4884611886953998,55.826631700191598,5.36947736078071,-,34.173003519850397,1.1962846808844501,45.8,161.17019999999999,55.149069759884,16.707559863380201,1343.2878130157701,1222.28249013749,0,297.39233336678598,0
0:04:53,,-,4.3854888580465401,54.545881318986901,5.2934378799108703,-,34.209246644130403,1.2070348486231799,44.77,157.63516999999999,55.517925107022698,16.324262268444802,1312.4706863829699,1194.2414151611199,0,290.569687387133,0
0:04:54,,-,4.3061398776598896,53.558953702237403,5.1171654878781201,-,33.522366690616202,1.18834167799003,45.11,152.02070000000001,55.879202071353397,16.0288987164001,1288.7234567985699,1172.6333706087601,0,285.31225562256901,0
0:04:55,,-,4.3061398776598896,53.558953702237403,5.1171654878781201,-,33.522366690616202,1.18834167799003,45.11,152.02070000000001,56.237180809352999,16.0288987164001,1288.7234567985699,1172.6333706087601,0,285.31225562256901,0
0:04:56,,-,4.18952066072851,52.108465929459001,4.9949825692278003,-,33.844205932462003,1.19225633997929,42.25,148.9735,56.590312143263397,15.5948028278116,1253.82214735605,1140.8760219593401,0,277.585406802759,0
0:04:57,,-,4.5041041422777397,56.021195799474398,5.2166670534684298,-,34.121486791884003,1.15820302743496,46.87,161.65463,56.951672076293903,16.765788189844301,1347.9693704634899,1226.5423260709899,0,298.42878979829499,0
0:04:58,,-,4.5402496769876901,56.470767126712602,5.3060269517526804,-,34.486209160171803,1.16866413286616,48,164.73599999999999,57.327610440841603,16.9003340084606,1358.78685428023,1236.3853551883899,0,300.82368739376801,0
0:04:59,,-,4.5402496769876901,56.470767126712602,5.3060269517526804,-,34.486209160171803,1.16866413286616,48,164.73599999999999,57.705051233697198,16.9003340084606,1358.78685428023,1236.3853551883899,0,300.82368739376801,0
0:05:00,,-,3.4558304999821399,42.982966417688303,3.9522879487228502,-,27.2256408410327,1.1436579278825401,29.85,99.161699999999996,58.037416968673199,12.8637616610268,1034.2464375465499,941.08001193143605,0,228.97323891275801,0
0:05:01,,-,3.4558304999821399,42.982966417688303,3.9522879487228502,-,27.2256408410327,1.1436579278825401,29.85,99.161699999999996,58.3247076457695,12.8637616610268,1034.2464375465499,941.08001193143605,0,228.97323891275801,0
0:05:02,,-,4.9444505254512503,61.498140863821497,5.76555046736833,-,30.880128987854601,1.1660649525544899,47.61,160.77896999999999,58.673874426895999,18.4049053055329,1479.7543865648399,1346.4559559591,0,327.60485546450099,0
0:05:03,,-,4.3919468706334497,54.626204858625002,4.9590928529797003,-,30.497673115221701,1.12913316099938,40.54,140.83596,59.061951899094801,16.3483011600289,1314.4034132663201,1196.0000391915401,0,290.99757644562999,0
0:05:04,,-,5.0520384798989104,62.836299501230201,5.8792164887416796,-,32.683236807670603,1.1637315337430501,49.99,173.61527000000001,59.454501381173799,18.805383802270299,1511.9528577025301,1375.7539419152399,0,334.733319200788,0
0:05:05,,-,5.0520384798989104,62.836299501230201,5.8792164887416796,-,32.683236807670603,1.1637315337430501,49.99,173.61527000000001,59.8744882860912,18.805383802270299,1511.9528577025301,1375.7539419152399,0,334.733319200788,0
0:05:06,,-,4.8892716293873404,60.811836186409799,5.6364257115465897,-,33.445370270927299,1.1528150077955199,49.18,171.88409999999999,60.287709610536297,18.199510924156701,1463.2406783022,1331.42982659122,0,323.948862917572,0
0:05:07,,-,4.5036423407717496,56.015451999648697,5.1317864583499304,-,34.310459913990599,1.1394746896065799,47.24,162.55284,60.678136255362801,16.764069209556499,1347.8311644483399,1226.41656985501,0,298.39819217883303,0
0:05:08,,-,4.4417812754017501,55.246035763703397,5.2055964478790102,-,34.692586249885103,1.1719614553528801,47.24,162.12768,61.049962478844598,16.533801550010899,1329.3176446208799,1209.57077486107,0,294.29945860366598,0
0:05:09,,-,4.5468787636355303,56.553218453178197,5.3721192438393004,-,35.145709465151199,1.18149603785432,48.78,168.09587999999999,61.423585871082203,16.925009695149701,1360.77077949003,1238.19056552543,0,301.26291132005599,0
0:05:10,,-,4.5468787636355303,56.553218453178197,5.3721192438393004,-,35.145709465151199,1.18149603785432,48.78,168.09587999999999,61.8015777542739,16.925009695149701,1360.77077949003,1238.19056552543,0,301.26291132005599,0
0:05:11,,-,4.4949556553029,55.907408648046001,5.3500060245043697,-,35.799454397321803,1.1902244281748899,49.18,169.27755999999999,62.177411397217703,16.731734449070899,1345.2314497053001,1224.05104120286,0,297.82263776225301,0
0:05:12,,-,4.2722518048473397,53.137460259295302,5.0451871646409803,-,35.636675213585697,1.18091989777303,46.15,160.09434999999999,62.541829873106899,15.9027559290688,1278.58157669713,1163.40508583989,0,283.06693086128797,0
0:05:13,,-,4.4281086459741097,55.075978183757599,5.1279761428702297,-,33.588234140375597,1.1580511123033099,42.85,156.01685000000001,62.903469780635803,16.482907431726598,1325.2257575108199,1205.84749090227,0,293.39355009787698,0
0:05:14,,-,4.4281086459741097,55.075978183757599,5.1279761428702297,-,33.588234140375597,1.1580511123033099,42.85,156.01685000000001,63.271588046611001,16.482907431726598,1325.2257575108199,1205.84749090227,0,293.39355009787698,0
0:05:15,,-,4.5305604749908897,56.350254664065702,5.2741409666370203,-,33.428870630030502,1.1641254974413799,44.44,159.00631999999999,63.643964833848798,16.864267544792,1355.88711060128,1233.7468246439,0,300.18170915910099,0
0:05:16,,-,4.6558900349224501,57.909080036348797,5.4597635290608002,-,35.171462120395098,1.17265731967653,48.78,172.04705999999999,64.025809601281395,17.3307862551423,1393.39521491344,1267.87614428396,0,308.48567987444301,0
0:05:17,,-,4.4235042150135904,55.018709141960002,5.1995597567693297,-,35.061078832842,1.1754390872109399,46.87,163.06073000000001,64.403204459290393,16.465768193427401,1323.8477627515599,1204.5936279181699,0,293.088473946026,0
0:05:18,,-,4.4967883873537904,55.930203822808402,5.2900862083748503,-,34.544854375816598,1.1764143101000799,46.15,163.18639999999999,64.773986084958196,16.738556493234,1345.77994205602,1224.5501245636699,0,297.94406923690201,0
0:05:19,,-,4.4967883873537904,55.930203822808402,5.2900862083748503,-,34.544854375816598,1.1764143101000799,46.15,163.18639999999999,65.147813846640403,16.738556493234,1345.77994205602,1224.5501245636699,0,297.94406923690201,0
0:05:20,,-,4.7310054718768102,58.843351640258902,5.4486682603218801,-,34.1181216042785,1.1516935020919301,48.78,169.70562000000001,65.531377095175998,17.6103911368198,1415.8754474003099,1288.33132468289,0,313.46260941189502,0
0:05:21,,-,4.3375622799626701,53.949779601525698,5.0760300573992803,-,34.189208229945301,1.17024949263506,44.11,155.79651999999999,65.908321938062898,16.145863450070301,1298.12742138565,1181.19021236768,0,287.39421225490997,0
0:05:22,,-,4.6691501342387403,58.074006644760502,5.4660029520805899,-,35.176050304233399,1.1706633530583099,48.78,172.53486000000001,66.282695696830999,17.380144797816001,1397.36364174441,1271.48708944544,0,309.36425533952303,0
0:05:23,,-,4.4681346176503096,55.573813652367001,5.2775193374621496,-,36.487642819887697,1.18114600142408,49.18,171.39230000000001,66.662496836268403,16.6318975398631,1337.20456220499,1216.7472274208301,0,296.04555411699101,0
0:05:24,,-,4.4681346176503096,55.573813652367001,5.2775193374621496,-,36.487642819887697,1.18114600142408,49.18,171.39230000000001,67.033942547991998,16.6318975398631,1337.20456220499,1216.7472274208301,0,296.04555411699101,0
0:05:25,,-,4.5232972133159199,56.259915588506502,5.2226707199167901,-,36.175380984979597,1.15461586396357,48,171.792,67.407681152763899,16.837231245682801,1353.71339215289,1231.76891791967,0,299.700466647121,0
0:05:26,,-,4.5313444261263598,56.360005300079202,5.2664367859199999,-,34.413815268795801,1.1622238988401099,46.15,163.78635,67.784047141702501,16.8671856741854,1356.12172820451,1233.96030755168,0,300.23365147242902,0
0:05:27,,-,4.4198451952764497,54.973198946224599,5.1702183449480401,-,34.7656972611207,1.1697736270205801,45.8,161.44499999999999,68.156113035438196,16.452148093190502,1322.75270669252,1203.5972161040199,0,292.84603798151301,0
0:05:28,,-,4.4198451952764497,54.973198946224599,5.1702183449480401,-,34.7656972611207,1.1697736270205801,45.8,161.44499999999999,68.523544342852702,16.452148093190502,1322.75270669252,1203.5972161040199,0,292.84603798151301,0
0:05:29,,-,4.5300892078367001,56.344393132297299,5.2425978980452799,-,34.245085004425903,1.157283589245,45.11,162.80198999999999,68.895558062080397,16.8625133301828,1355.7460717466899,1233.61849077478,0,300.15048437342699,0
0:05:30,,-,4.5481784150135898,56.569383271313299,5.31720345676933,-,34.656470265036702,1.1690841852679299,46.87,165.59171000000001,69.2729060906141,16.9298474340289,1361.1597336959201,1238.54448216989,0,301.34902242576402,0
0:05:31,,-,4.6741069424244799,58.135658487866699,5.3661540182684702,-,34.673485651129504,1.1480597436833599,49.99,170.56587999999999,69.656240372305206,17.3985957024831,1398.84709447964,1272.83691059743,0,309.69267897747699,0
0:05:32,,-,4.6741069424244799,58.135658487866699,5.3661540182684702,-,34.673485651129504,1.1480597436833599,49.99,170.56587999999999,70.044809009660597,17.3985957024831,1398.84709447964,1272.83691059743,0,309.69267897747699,0
0:05:33,,-,3.4527896341707098,42.945144703615803,3.9033691707108198,-,27.577179639810101,1.1304972454970701,29.7,100.2672,70.382612270004799,12.852442537290401,1033.3363799981501,940.25193369261206,0,228.77176002253299,0
0:05:34,,-,5.36165546990199,66.687257088333197,5.9779079071272303,-,31.813413032135401,1.11493697062122,51.72,179.36496,70.748994229737704,19.957882214916602,1604.61373007929,1460.0677879351099,0,355.24763696717997,0
0:05:35,,-,5.36165546990199,66.687257088333197,5.9779079071272303,-,31.813413032135401,1.11493697062122,51.72,179.36496,71.194720265870899,19.957882214916602,1604.61373007929,1460.0677879351099,0,355.24763696717997,0
0:05:36,,-,4.8547703152916597,60.382715364324099,5.6018086316300302,-,33.258380832441098,1.1538771698396,48.78,169.7544,71.619377071426996,18.071085446830399,1452.9152699251599,1322.03454604115,0,321.66290657935599,0
0:05:37,,-,4.7315943374916696,58.850675839448698,5.36737872392235,-,34.062328362122301,1.1343700116877999,48.78,169.46172000000001,72.017844703448304,17.612583092391699,1416.0516806282899,1288.49168256499,0,313.50162592821999,0
0:05:38,,-,4.6636948349224499,58.006154663214502,5.3405852538300502,-,35.185818499792298,1.14514037536053,48.78,172.38852,72.4083700761297,17.3598383417573,1395.73100267728,1270.0015208836401,0,309.00280313470603,0
0:05:39,,-,4.5042152813805103,56.022578126623301,5.12601093377687,-,34.075413898280303,1.13804749852138,46.51,161.3897,72.789444192016404,16.766201886907702,1348.00263170738,1226.5725910935801,0,298.43615355075002,0
0:05:40,,-,4.50420977374214,56.0225096236585,5.1260046594139004,-,34.075455564869202,1.1380474970985099,46.51,161.3897,73.163889138559796,16.766181385628101,1348.0009834044999,1226.57109127223,0,298.43578863071298,0
0:05:41,,-,4.5701129002335703,56.842200251661303,5.2851552831817399,-,34.876109951650001,1.1564605510974599,47.24,167.41856000000001,73.541073191019805,17.011494954076099,1367.7241943077199,1244.5176066077399,0,302.80233737414699,0
0:05:42,,-,4.56551268125415,56.784983597688402,5.2578422492037902,-,34.469622797492697,1.1516433347764701,46.15,165.21700000000001,73.920805365242003,16.994371394185102,1366.3474600924801,1243.26489061601,0,302.497540295867,0
0:05:43,,-,4.5465283661037699,56.548860274922603,5.1982476334720102,-,34.740344122246398,1.1433443750680301,46.51,165.85466,74.299557222753293,16.923705397865699,1360.6659139884,1238.09514646094,0,301.23969500266099,0
0:05:44,,-,4.4914778564843196,55.864152443834797,5.2182266531851997,-,34.947880189008799,1.1618061626757601,46.87,164.93553,74.675231742568499,16.718788913950601,1344.19062868163,1223.1039788531,0,297.59220896669001,0
0:05:45,,-,4.4914778564843196,55.864152443834797,5.2182266531851997,-,34.947880189008799,1.1618061626757601,46.87,164.93553,75.048618028313399,16.718788913950601,1344.19062868163,1223.1039788531,0,297.59220896669001,0
0:05:46,,-,4.77706312850695,59.416208066006902,5.4258485778013803,-,34.5924128600846,1.13581261788709,49.58,173.67874,75.433874975273994,17.781833201920701,1429.6593894344201,1300.8735891403801,0,316.51425526529903,0
0:05:47,,-,4.5198427405450996,56.216949509267401,5.2864114523899701,-,36.988103258618601,1.1696007484880799,53.09,176.20571000000001,75.820310939369193,16.8243725379456,1352.6795520508299,1230.82820763992,0,299.471583367378,0
0:05:48,,-,4.2907411765745902,53.367427569335597,5.0315569722508,-,33.415560179386603,1.17265450540823,43.16,150.71472,76.186532404683504,15.971579579755,1284.1149982123,1168.4400486847901,0,284.29198264836799,0
0:05:49,,-,4.5350292196982798,56.405836065899003,5.3259367497761003,-,34.927254561446503,1.17439965472382,48.38,166.62072000000001,76.5533851124558,16.8809017132908,1357.22449774858,1234.96373800889,0,300.477795135983,0
0:05:50,,-,4.5350350285341801,56.405908315101797,5.3259432631161303,-,34.927209823822899,1.1743995866857899,48.38,166.62072000000001,76.930392158836597,16.880923335728699,1357.22623619259,1234.9653198513299,0,300.47818001248999,0
0:05:51,,-,4.5027746624563996,56.004659980801001,5.3282006908542101,-,35.039728129305999,1.18331497582593,48,165.93600000000001,77.306058509603105,16.760839419482199,1347.5714893263701,1226.1802866462799,0,298.34070234702602,0
0:05:52,,-,4.71632128182722,58.660712460537503,5.4308206551559,-,35.474845754184898,1.1514950595248401,52.63,176.25787,77.689260219881206,17.555731650197298,1411.4808246758701,1284.33257597483,0,312.48967785275698,0
0:05:53,,-,4.6987547230881503,58.442222923981902,5.44370547370825,-,35.774550898354398,1.1585421658550601,51.28,176.81344000000001,78.080608053691094,17.490343019352999,1406.22357875598,1279.5489104253099,0,311.32576895992798,0
0:05:54,,-,4.7576140998763004,59.174304724829597,5.4067709785993001,-,34.4399559443588,1.13644588760149,48.78,172.14462,78.4736722682172,17.709437385967099,1423.8387658317599,1295.57729579037,0,315.225619413716,0
0:05:55,,-,4.7576140998763004,59.174304724829597,5.4067709785993001,-,34.4399559443588,1.13644588760149,48.78,172.14462,78.869183036503799,17.709437385967099,1423.8387658317599,1295.57729579037,0,315.225619413716,0
0:05:56,,-,4.4283743569332099,55.079283046432998,5.1084146761294598,-,35.519969027400002,1.15356432505114,46.87,165.26362,79.251008598198595,16.4838964971477,1325.3052783706701,1205.9198484072399,0,293.41115533022798,0
0:05:57,,-,4.7253862830404598,58.773461231846603,5.4394548620045304,-,35.870252683540997,1.15111327121063,54.05,178.6893,79.631494575773104,17.589474628929899,1414.1937601659599,1286.8011262842199,0,313.09029836598899,0
0:05:58,,-,4.7253800607321201,58.773383839951798,5.4394479268780502,-,35.870299916942201,1.1511133193454299,54.05,178.6893,80.024325917182196,17.589451467408601,1414.1918979796501,1286.79943184637,0,313.08988609400598,0
0:05:59,,-,3.4034185175701701,42.331076089181202,3.72688853467533,-,27.165656977740099,1.09504268000989,29.7,97.505099999999999,80.362208236287799,12.668666661450599,1018.56079958063,926.80735908174802,0,225.500573985827,0
0:06:00,,-,5.5108875032680196,68.543376906318699,6.0911285061904703,-,30.716518872798201,1.1052899378872001,51.28,177.99288000000001,80.732741023208803,20.513373958340001,1649.27526625054,1500.7061478724399,0,365.13531578404798,0
0:06:01,,-,4.8254167446617497,60.017621202260599,5.3513835380808299,-,32.531598472538498,1.1089992473709001,47.24,165.00932,81.162380706937,17.9618215994035,1444.13045659204,1314.0410814893601,0,319.718024693274,0
0:06:02,,-,4.8672774992359296,60.538277353680698,5.3615092824768098,-,33.9775161835259,1.1015417311461,51.28,174.09559999999999,81.565268043603297,18.117641385644699,1456.6583674058299,1325.44045984843,0,322.49159607017799,0
0:06:03,,-,4.7894394654109904,59.570142604614297,5.3746398065442298,-,35.401324356325397,1.1221855595752901,52.17,178.42140000000001,81.966659945682295,17.827902084110001,1433.36332756245,1304.2438711265399,0,317.33427521327002,0
0:06:04,,-,4.7894394654109904,59.570142604614297,5.3746398065442298,-,35.401324356325397,1.1221855595752901,52.17,178.42140000000001,82.364816425560704,17.827902084110001,1433.36332756245,1304.2438711265399,0,317.33427521327002,0
0:06:05,,-,4.5680437892992796,56.816465041035798,5.2461858410493001,-,35.264964048146901,1.14845349191673,50.42,169.66329999999999,82.753770354316302,17.003793028328001,1367.10495947757,1243.9541533531001,0,302.66524412484102,0
0:06:06,,-,4.6033362317265603,57.255425767743198,5.3005343885212799,-,34.732240260458397,1.15145497128573,49.18,168.24477999999999,83.134988700551901,17.135163350982001,1377.66713341895,1253.5648712805901,0,305.003618316445,0
0:06:07,,-,4.6107777075065002,57.347981436647999,5.3036355084556002,-,34.714544953970602,1.15026918340069,46.87,168.02895000000001,83.517983328392901,17.162863022838,1379.89418703617,1255.59130866396,0,305.49666877468701,0
0:06:08,,-,4.6668043274719899,58.0448299436814,5.3153869483865703,-,33.896053680418497,1.1389778905227701,46.87,166.15414999999999,83.903616076390605,17.3714129172592,1396.6615985476401,1270.84828732246,0,309.20882903222798,0
0:06:09,,-,4.6668043274719899,58.0448299436814,5.3153869483865703,-,33.896053680418497,1.1389778905227701,46.87,166.15414999999999,84.291577631542694,17.3714129172592,1396.6615985476401,1270.84828732246,0,309.20882903222798,0
0:06:10,,-,4.5007666795102299,55.979685068535197,5.1347006670903603,-,32.453621882904301,1.1408502223557,45.11,153.73488,84.672637651983194,16.753365032633901,1346.9705486237699,1225.6334795575201,0,298.20765925973598,0
0:06:11,,-,4.7760786213587103,59.403962952222798,5.2999337435962897,-,35.138711756017202,1.10968310276445,54.05,177.01374999999999,85.058239776829595,17.7781685356968,1429.3647502700301,1300.60549150109,0,316.44902469612902,0
0:06:12,,-,4.7760786213587103,59.403962952222798,5.2999337435962897,-,35.138711756017202,1.10968310276445,54.05,177.01374999999999,85.455285540793497,17.7781685356968,1429.3647502700301,1300.60549150109,0,316.44902469612902,0
0:06:13,,-,3.5560172976833999,44.229070866708902,3.9535650861785099,-,27.6054928259069,1.1117957971560199,32.43,103.67871,85.801618134105695,13.236690566890999,1064.2299215780399,968.36254004633099,0,235.611323612246,0
0:06:14,,-,5.616225717721,69.853553702997502,6.2589457336944303,-,31.468026550705599,1.11443984773358,52.63,185.67864,86.182872351637599,20.9054781673075,1680.8004446515299,1529.3914922823401,0,372.11471831687197,0
0:06:15,,-,5.02511418607439,62.501420224805798,5.64853929908403,-,34.581954472114198,1.1240618799742501,52.17,182.64716999999999,86.6251911728571,18.705162538915001,1503.8950681287599,1368.42200976355,0,332.94939410305199,0
0:06:16,,-,4.7565708734834704,59.1613292721824,5.3890152362319501,-,34.9602737819014,1.1329622493957101,48.78,174.58362,87.031777509183101,17.705554146995802,1423.52655341846,1295.2932079260499,0,315.15649827884403,0
0:06:17,,-,4.4637953755530004,55.519842979514898,5.0804641015189302,-,36.269767401679601,1.13814896832934,48.78,170.19342,87.415032021054401,16.615745423568701,1335.90593205492,1215.5655797663101,0,295.75804860494299,0
0:06:18,,-,4.4637953755530004,55.519842979514898,5.0804641015189302,-,36.269767401679601,1.13814896832934,48.78,170.19342,87.786117002180703,16.615745423568701,1335.90593205492,1215.5655797663101,0,295.75804860494299,0
0:06:19,,-,4.7976911762680903,59.672775824230001,5.4725296982373202,-,36.052224631628697,1.14065901642593,51.28,181.68503999999999,88.171080723984304,17.858617723017101,1435.8328649305699,1306.49094897133,0,317.881009482075,0
0:06:20,,-,4.5082136759010298,56.072309401754097,5.0119921385454402,-,36.591122750416297,1.11174680236152,54.05,174.1491,88.557890740561604,16.781085254057501,1349.19925442622,1227.6614202948699,0,298.70107549753499,0
0:06:21,,-,4.7931476579387198,59.616264402222797,5.4127039750883803,-,36.745790567975902,1.1292587588290799,55.04,185.48480000000001,88.944511900877401,17.8417052219868,1434.4730998477401,1305.2536735078299,0,317.57996922331699,0
0:06:22,,-,4.7073951956259998,58.549691487885603,5.3382402174251,-,35.909149959847497,1.1340114852445899,53.09,178.06386000000001,89.339412256840603,17.522505759790199,1408.8094630871301,1281.9018545292099,0,311.89826144262997,0
0:06:23,,-,4.4536711923851202,55.393920303297499,5.1574295941238697,-,35.304582042078103,1.1580175929785801,48.38,165.45959999999999,89.720201905746904,16.5780598139056,1332.8760090380099,1212.8085966282599,0,295.08724978789797,0
0:06:24,,-,4.4536711923851202,55.393920303297499,5.1574295941238697,-,35.304582042078103,1.1580175929785801,48.38,165.45959999999999,90.0904452415908,16.5780598139056,1332.8760090380099,1212.8085966282599,0,295.08724978789797,0
0:06:25,,-,4.3296867864375903,53.851825701960003,5.0075822868852997,-,34.650206215826103,1.1565691778378,43.79,157.46884,90.455535031284995,16.1165482184147,1295.7704767605401,1179.0455847476101,0,286.87240504808,0
0:06:26,,-,4.2865746119840802,53.3156046266677,4.91142770282437,-,32.8123531564747,1.14576979229368,44.44,148.20740000000001,90.813679270593596,15.9560702271297,1282.8680462612299,1167.30542398182,0,284.01591824375299,0
0:06:27,,-,4.8993661802392001,60.937390301482601,5.5866627218517504,-,34.628191435104597,1.14028274603859,53.57,178.76309000000001,91.195502851058194,18.2370862323884,1466.2617330840301,1334.17874035773,0,324.61769838387499,0
0:06:28,,-,4.61062975419427,57.346141221321702,5.2324388584410304,-,35.078069292567498,1.1348642457532201,52.63,170.67909,91.590796134568507,17.162312290924,1379.8499081902901,1255.5510185210201,0,305.486865820199,0
0:06:29,,-,4.61062975419427,57.346141221321702,5.2324388584410304,-,35.078069292567498,1.1348642457532201,52.63,170.67909,91.974087775732499,17.162312290924,1379.8499081902901,1255.5510185210201,0,305.486865820199,0
0:06:30,,-,3.5927501346528898,44.685946948419002,4.02761587102595,-,27.205905319503501,1.12103979405044,32.43,103.25712,92.315070147807305,13.373422521745599,1075.22317074835,978.36550131821605,0,238.04513414068501,0
0:06:31,,-,5.3548807688505597,66.602994637444795,5.98359289108814,-,32.117820624588298,1.11740917293524,54.05,181.1756,92.686988119578203,19.932664502517,1602.58622600237,1458.2229243787699,0,354.79876505566199,0
0:06:32,,-,5.13788496564234,63.904041861223099,5.7142254645533201,-,33.343848907793102,1.1121746599554201,53.57,180.42375999999999,93.123131294495295,19.124933251251001,1537.64463340058,1399.13136503484,0,340.42125669947399,0
0:06:33,,-,4.89258329907089,60.853026107846901,5.5623879476607501,-,35.584800371832699,1.1369020428772401,56.6,183.7236,93.540058574258694,18.211838070846799,1464.23178089608,1332.33164921977,0,324.16828448169503,0
0:06:34,,-,4.82132952657554,59.9667851564122,5.3929996514978198,-,36.573737395055304,1.11857105426443,57.14,186.04784000000001,93.943827884262305,17.946607601113399,1442.9072511295201,1312.92806415666,0,319.44721755636499,0
0:06:35,,-,4.9631814623419697,61.731112715696199,5.5738634217859397,-,34.932432214193,1.1230424404341299,55.04,182.7328,94.350531683403503,18.4746281428801,1485.3601026875599,1351.5567010079899,0,328.84591265401298,0
0:06:36,,-,4.9631814623419697,61.731112715696199,5.5738634217859397,-,34.932432214193,1.1230424404341299,55.04,182.7328,94.763131711927898,18.4746281428801,1485.3601026875599,1351.5567010079899,0,328.84591265401298,0
0:06:37,,-,4.6398309026971498,57.7093395857855,5.3298670669550701,-,35.991865544695699,1.14872011043696,52.17,175.86507,95.162291324144107,17.271008772007601,1388.5891052694101,1263.50297599742,0,307.42164866117298,0
0:06:38,,-,4.6210332809518802,57.475538320296998,5.3365037688505597,-,36.387868205390397,1.1548291138364799,54.05,177.33805000000001,95.547229176540398,17.2010377112375,1382.9634319835,1258.3840715556601,0,306.17617312789798,0
0:06:39,,-,4.6592248062061499,57.950557291121299,5.3673513486471496,-,36.542022993441897,1.1519837680933001,54.05,179.446,95.932973157546002,17.3431993937462,1394.3932312571901,1268.7842578617201,0,308.70663208314301,0
0:06:40,,-,4.9545048371539897,61.623194491965101,5.5798693230979497,-,36.067194578146299,1.1262213897248301,56.07,188.22699,96.332578245046093,18.442330830138399,1482.76339874313,1349.1939119373301,0,328.27102480227001,0
0:06:41,,-,4.5476034405450498,56.562231847575198,5.2701395082403097,-,37.4746066203993,1.15888282193943,54.05,179.60814999999999,96.727543669559196,16.9277071859686,1360.9876577518701,1238.3879070775299,0,301.310926296236,0
0:06:42,,-,4.0727777218059797,50.656439325945101,4.5691009840433701,-,32.865967441170497,1.12186357717978,46.51,141.76248000000001,97.085859151318601,15.160246404423701,1218.88381091566,1109.0849817579499,0,269.85036052504898,0
0:06:43,,-,5.0452166161996299,62.751450450244199,5.7106914223026504,-,35.707666033911998,1.13190212764428,56.07,189.68481,97.464858463805001,18.779990534657198,1509.9112389864399,1373.89623518699,0,334.28132242992399,0
0:06:44,,-,4.5520469480853603,56.617499354295497,5.0958303375371097,-,36.954838541538997,1.11945909074608,57.14,177.93396000000001,97.863779120890001,16.944247413256299,1362.3174920258,1239.59794794298,0,301.60534013211202,0
0:06:45,,-,4.7220655681898203,58.7321588083311,5.1915062167796799,-,35.311580830911701,1.0994142588261,56.6,176.3656,98.249267654584202,17.5771138130903,1413.19995057246,1285.89684050652,0,312.87027749550401,0
0:06:46,,-,4.7220655681898203,58.7321588083311,5.1915062167796799,-,35.311580830911701,1.0994142588261,56.6,176.3656,98.641823196409902,17.5771138130903,1413.19995057246,1285.89684050652,0,312.87027749550401,0
0:06:47,,-,5.0623189190551896,62.964165659890398,5.6681960207607904,-,35.313707583117797,1.11968370847301,58.25,188.67175,99.048521737372099,18.8436510491962,1515.02954435538,1378.5534761527799,0,335.41447108340202,0
0:06:48,,-,4.5877838005247602,57.061987568715899,5.2401532564714204,-,36.937311645029297,1.14219707909341,56.6,179.08240000000001,99.449638711189394,17.0772719792175,1373.01266712909,1249.3296860939799,0,303.97315963357198,0
0:06:49,,-,4.57641287398428,56.920558134132897,5.1822614845007999,-,36.747154295453399,1.1323850419966699,61.85,178.68465,99.830558473845102,17.034945572039099,1369.60962399195,1246.23319403963,0,303.21975524078601,0
0:06:50,,-,4.1852703935964399,52.055601910403396,4.7151650910243097,-,34.6260638791057,1.1266094296413001,51.72,153.71184,100.194747330686,15.5789819062175,1252.5501452598901,1139.71860366484,0,277.30379651212701,0
0:06:51,,-,4.8660801432116898,60.523384865817,5.50819171532582,-,34.452617931884099,1.1319566372144301,56.6,177.27119999999999,100.570976521378,18.113184424425299,1456.30002772379,1325.11439992692,0,322.41226275594198,0
0:06:52,,-,4.9326470558604001,61.351331540552202,5.6758418459826396,-,35.9988902488031,1.15066855213962,57.69,187.37711999999999,100.97827123269499,18.360968827863999,1476.2218937602599,1343.24167525191,0,326.822792032096,0
0:06:53,,-,4.9326470558604001,61.351331540552202,5.6758418459826396,-,35.9988902488031,1.15066855213962,57.69,187.37711999999999,101.388332869851,18.360968827863999,1476.2218937602599,1343.24167525191,0,326.822792032096,0
0:06:54,,-,3.2717941095697101,40.693956586687897,3.5540171359283201,-,27.956866152567802,1.0862594090297799,33.89,97.230410000000006,101.729359355036,12.178716412646301,979.16879957676201,890.96384781805,0,216.77952501655699,0
0:06:55,,-,5.3731634806851796,66.830391550810702,5.7799814988041804,-,31.1213311489783,1.07571294258613,60,177.42,102.08869638264601,20.000718895682098,1608.0577992128401,1463.20161030435,0,356.01012416164298,0
0:06:56,,-,4.95576355556934,61.638850193648501,5.3805473120924203,-,32.611362141839102,1.0857150975344101,62.52,172.24260000000001,102.518029424579,18.447016202784301,1483.1401027038601,1349.5366818565501,0,328.35442380938002,0
0:06:57,,-,5.0453199445112302,62.752735628249198,5.5333686413361098,-,33.307877765575398,1.0967329529529299,61.22,178.4563,102.933735294767,18.780375157332799,1509.94216264956,1373.92437320149,0,334.28816866216198,0
0:06:58,,-,4.9163243549634403,61.148312872679497,5.3084176503273897,-,35.392294616268103,1.0797533415320899,62.5,184.625,103.347801831856,18.300210253621501,1471.33690439117,1338.7967328408399,0,325.74129752818402,0
0:06:59,,-,4.7744650023956101,59.383893064622001,5.1590431154920298,-,34.257115701535902,1.0805489437881399,60.6,173.8614,103.75060998985001,17.772162104029199,1428.88183316395,1300.16607627136,0,316.34211101493003,0
0:07:00,,-,4.8452483641302004,60.2642831359478,5.2236916546073404,-,35.270018615584,1.07810606640493,60.6,181.19399999999999,104.150463797285,18.035641546937299,1450.06558037376,1319.4415606755001,0,321.03200989671501,0
0:07:01,,-,4.6236163253987703,57.507665738790699,5.0240465699251402,-,35.208198203158602,1.0866054223242301,61.85,173.30369999999999,104.54404741604201,17.210652670109202,1383.7364746767801,1259.08747743709,0,306.34731811121401,0
0:07:02,,-,4.6236163253987703,57.507665738790699,5.0240465699251402,-,35.208198203158602,1.0866054223242301,61.85,173.30369999999999,104.928418659008,17.210652670109202,1383.7364746767801,1259.08747743709,0,306.34731811121401,0
0:07:03,,-,4.3469968905199297,54.067125503979199,4.8109777440530603,-,32.061076533995497,1.1067359524790501,45.8,147.15539999999999,105.301291915492,16.180982238903798,1300.95097200787,1183.7594134369599,0,288.01932200412699,0
0:07:04,,-,4.04915149034293,50.362580725658297,4.3879737286756102,-,32.183137704478298,1.0836773430534199,39.729999999999997,137.0685,105.65028691877001,15.072301636736,1211.81305159357,1102.6511667351199,0,268.28495541000501,0
0:07:05,,-,4.4692125067314104,55.5872202329777,4.9539998410300603,-,34.487086878919598,1.1084726523002599,49.18,162.49072000000001,106.00436194653599,16.635909805000601,1337.5271483220499,1217.04075451057,0,296.11697190038302,0
0:07:06,,-,4.4692125067314104,55.5872202329777,4.9539998410300603,-,34.487086878919598,1.1084726523002599,49.18,162.49072000000001,106.37589726551499,16.635909805000601,1337.5271483220499,1217.04075451057,0,296.11697190038302,0
0:07:07,,-,4.0731022036884301,50.660475170254102,4.5960506527937897,-,35.838103907094101,1.1283907014736301,47.61,154.06595999999999,106.73096783062699,15.161454234957899,1218.9809204906201,1109.1733435609401,0,269.87185974718699,0
0:07:08,,-,3.8675917429845899,48.104374912743602,4.4031735269296997,-,36.680474421150699,1.1384793999823299,46.15,149.7106,107.061031376939,14.396475285511301,1157.4766129551101,1053.2094336376399,0,256.255336651493,0
0:07:09,,-,3.8675917429845899,48.104374912743602,4.4031735269296997,-,36.680474421150699,1.1384793999823299,46.15,149.7106,107.382552658316,14.396475285511301,1157.4766129551101,1053.2094336376399,0,256.255336651493,0
0:07:10,,-,3.6476214424615501,45.368425901263102,4.0442081564578301,-,31.9027541195365,1.1087247457698499,39.729999999999997,123.12327000000001,107.69493063585,13.5776719563412,1091.6448252898299,993.307869298225,0,241.68074678788901,0
0:07:11,,-,4.0555014539649497,50.441560372698298,4.6551032301142996,-,34.909801317315399,1.14784898562005,45.45,149.30324999999999,108.01511928409001,15.095938333787601,1213.7134420365201,1104.3803672387901,0,268.70568545956002,0
0:07:12,,-,3.9448303559128601,49.065054178020603,4.4260656466654096,-,34.084608935961597,1.1219913779134301,42.55,141.69149999999999,108.34766174279299,14.683983341170499,1180.5922606301101,1074.2427900989801,0,261.37294162992202,0
0:07:13,,-,3.9448303559128601,49.065054178020603,4.4260656466654096,-,34.084608935961597,1.1219913779134301,42.55,141.69149999999999,108.675604037413,14.683983341170499,1180.5922606301101,1074.2427900989801,0,261.37294162992202,0
0:07:14,,-,4.0108208798707299,49.8858318391881,4.50587838139427,-,33.528916904495198,1.12343046881204,41.66,141.56067999999999,109.00628929965001,14.929622232338501,1200.34162748002,1092.2131052154,0,265.74528107430802,0
0:07:15,,-,3.6677727639552802,45.6190642282995,4.1664003054079499,-,34.177621697811503,1.1359483189233801,42.25,132.53825000000001,109.325458362932,13.6526819421757,1097.6756281509299,998.79540865290505,0,243.01591451408899,0
0:07:16,,-,3.6677727639552802,45.6190642282995,4.1664003054079499,-,34.177621697811503,1.1359483189233801,42.25,132.53825000000001,109.630368259641,13.6526819421757,1097.6756281509299,998.79540865290505,0,243.01591451408899,0
0:07:17,,-,2.9212631204691801,36.3341184137958,3.3247079802575499,-,27.448605857565401,1.1381063064677199,27.9,84.927599999999998,109.904248674299,10.873922355583501,874.26335738890998,795.50844067155799,0,193.5543651269,0
