time,p01,p02,p04,p07,p08,p09,p15,p17,p18,p19,p20,p21,p25,p26,p27,p28,p29,p31,p32,p33,p35,p36,p38,p40,p42,p43,p44
0,0.5983471609858871,0.7808994238548612,0.6051015046350697,0.5789777914753103,0.9527917459549886,0.5059541548655409,0.7900118370000917,0.3806588026272609,0.4874131504884822,0.5292354165845987,0.3632046813327606,0.7277334669542672,0.8172178871712679,1.3550783995604752,0.892687095940171,0.8853013993623773,0.6965330404134725,0.3328231691884314,0.7319164178938566,0.813081416329297,0.7119824207995963,0.7319369132420664,0.41326699058823585,0.6100359142538333,1.0874312792181104,1.0256876412178038,0.6278964791923597
5,1.1645808984843986,1.3846890961964649,0.7421816814050024,1.1000906263218904,1.1958261325207624,0.7718330654238529,0.7789085393137481,0.929940951200624,0.5320339497988712,0.67898006001443,0.6587003844303225,0.6130356382022727,0.7661542140075938,1.2072088378934693,0.7052351118060417,1.1315023905541843,0.9734967612999982,0.783541525965635,1.0571291302929513,0.965483779645898,1.0591716441815298,0.9412497924412402,0.7533448423646585,1.0261825436978227,0.919563495632043,1.2878477862270026,0.7463904118167821
10,1.5303381605403683,1.7457939480487534,0.9365993589672644,1.7111945948304725,1.401134791446207,0.9300146439639331,0.972022440137458,1.3614559474072148,0.676025757136296,0.8756434080882478,0.8687218170821328,0.7125018741267004,0.8243607202205712,1.1401823892776872,0.8380931774596189,1.3177278663932408,1.1513320853104616,1.1360460579960436,1.4438275024831548,1.1410811763057505,1.2874490338071711,1.1444002712586163,1.034351913594228,1.2983445028008884,0.9452230233791392,1.4608341477575704,0.8749778730345995
15,1.6813265157561115,1.940790837964578,1.2407023432014845,2.3882236567063937,1.6573322715937386,1.073932767281511,1.369681494054943,1.7248901221343154,1.02772549308555,1.1874124243313515,1.0398687229333736,1.0221782517585447,1.045132584522373,1.2302958512369169,1.293354521948901,1.5611164358404492,1.348338813846793,1.3919981264553738,1.9474015955548718,1.3269485198384479,1.4863709587769325,1.3589728549610691,1.2785367150940508,1.4977571176018238,1.2139857166420853,1.6154386497748208,1.0944796475925855
20,1.797767466057092,2.2226522939588,1.6743863194501587,3.0409381233352506,2.0939879939244768,1.3684302733453608,1.8618229077422441,2.1722154693104683,1.5987647084891496,1.619496716992038,1.280939073809248,1.4135009922429214,1.392552918088892,1.54320817714392,1.8818393330272671,2.0729300640450963,1.7345178264152052,1.6581335436045608,2.5927588730708964,1.5272755456209381,1.8175791680319824,1.6202182368259654,1.5633271456433777,1.7973589333337625,1.6363214287001742,1.897120460559436,1.5191232066600298
25,2.0636797045861286,2.6627908665614934,2.1656827599907698,3.5870283188257117,2.692142284624608,1.8054752924082391,2.4092023519759747,2.7536802424167166,2.2174902278005133,2.063401486320491,1.6090805615685706,1.842221276515498,1.795336514078389,2.0751632528211097,2.460656381964198,2.865442660177374,2.2547956681781316,2.0006227387631688,3.290046223834508,1.7883886191653504,2.2694437604361846,1.9379679479753873,1.9042216070329299,2.2412116350103557,2.0680119632449783,2.326708916029866,2.156138878079946
30,2.4888468815117073,3.0959312797712744,2.5722819254824243,3.971859796322453,3.2789762507426015,2.212827783902457,2.9931481090301126,3.353622671040425,2.6483669315420437,2.3988704727524097,1.934986482143597,2.3349326567511297,2.208838343448593,2.683269326302304,2.94587659896115,3.65059487754685,2.691678393899573,2.3477899962522812,3.850605421219466,2.119229138572968,2.6767695728577414,2.2683350164739564,2.2015446350452974,2.722361539025389,2.390401964495338,2.7714550087343146,2.8319997439140026
35,2.9404365462202473,3.365086150490409,2.809919649902625,4.1890705765664205,3.7153085879700005,2.4650594912020987,3.4975513189652077,3.8166906214443976,2.8095111125734262,2.603875724871225,2.171805361781839,2.8317131864209593,2.5872061701355076,3.151097333254494,3.2788338308563687,4.136100192411025,2.939185230046676,2.5950699818746155,4.167259508151908,2.4540539200983473,2.922601306180591,2.548474855822951,2.35162298760935,3.113841507388588,2.573541314505122,3.0938702933296702,3.317530029485018
40,3.301149053485073,3.478363251095609,2.91212340288948,4.287650012348291,4.000247436434786,2.5941873775633697,3.8005217829969697,4.083082386208751,2.8143204085793174,2.7268029130871025,2.3049640115332135,3.182144714882091,2.869626718645317,3.378766468320343,3.4647675204508337,4.32560042036894,3.0652426762196554,2.7309319002468913,4.3011897017281555,2.7283305663803397,3.0242110061177,2.755390558197765,2.3729695593491598,3.3543348919996463,2.6738914532700027,3.264923315457434,3.5262757575356667
45,3.5500268796655505,3.536881875079205,2.954898075946267,4.3464500262590064,4.194612734313057,2.702395479397552,3.9209625468180413,4.206760303104751,2.812867492279897,2.80604296759309,2.3719919804376883,3.3095479587557652,3.0438180359860327,3.4649499100335284,3.566281946969701,4.424052096181897,3.154160162625587,2.8120423322526964,4.3695277202944425,2.9324241973645693,3.0637286800965655,2.9174296874439882,2.3706117500608035,3.458071665174814,2.756514285329726,3.346659807561734,3.5550533914090603
50,3.7252774536062057,3.6120181625643184,2.9799514418492095,4.4379530220284185,4.328714710336662,2.8363818465470785,3.980784068632407,4.272256079431331,2.8562488085755704,2.8554051472353716,2.4129708943568935,3.3014979342235464,3.153815598357033,3.5599027330616466,3.643532956946466,4.560798189901057,3.2221441715468835,2.875862658164837,4.432856899487093,3.081830284483351,3.106302548744274,3.077234923248485,2.419574632908006,3.4915581753363667,2.8317882094367506,3.419576710868982,3.550303429517212
55,3.867362239335185,3.7099878588593507,2.9985447442341244,4.585398430851733,4.409019487806315,2.967737439352179,4.069180906905173,4.32104420822275,2.9110229161849457,2.888948749728491,2.4433787575099863,3.306253715050811,3.223527800074014,3.6898456417794865,3.726421706946377,4.7176942973353455,3.271837586734087,2.9241601913731574,4.493804889162409,3.1838035273089895,3.166527228519372,3.2556693986978194,2.512788862362964,3.5233062321790682,2.8727710692780453,3.526024811379106,3.589364150333092
60,4.001111976275378,3.796626369954663,3.022143914085739,4.735612813383533,4.460709498813301,3.048504246245334,4.188371341257343,4.36237070702375,2.9436729305060902,2.922977348420563,2.462087134393931,3.375097507798597,3.23836167334912,3.7839690797127674,3.8209667876822713,4.844830618169653,3.325049452891443,2.9574939104119875,4.536896231212639,3.244710637203304,3.2145164111109565,3.444031321096338,2.5865753168213503,3.5774607720122713,2.868643825146485,3.6472693791751203,3.677334334164696
65,4.134986528247467,3.835943574301933,3.0601712997855186,4.801883106310135,4.511894814822548,3.0598498554823776,4.294579572130444,4.402221060532403,2.9567947441547613,2.961526438826906,2.4759046170369237,3.4483267106804583,3.2042436156945335,3.8252845016851893,3.9141742188934683,4.9338651958243025,3.3823660915524765,2.9842492161612473,4.55820312653639,3.288254957985242,3.2181610824733395,3.615273703345911,2.5946723996806065,3.640566193167503,2.839937216671791,3.7324044652000614,3.7879591954176806
70,4.256802576072115,3.8309995051194106,3.101155594951686,4.764804639346041,4.5578133420558755,3.041347505070792,4.355838642730331,4.4338004588789355,2.9640927964311534,2.9952618986080592,2.503627748331118,3.482895845873148,3.1693406562376727,3.8889248991118754,3.9773595483940976,4.989880405337907,3.4134632145219737,3.009312114896997,4.577075923072498,3.3449650003821483,3.1865993604926737,3.7362935871342984,2.55698349547643,3.6978877369510306,2.813617264212311,3.7615534460105025,3.8904112931689094
75,4.345670812996321,3.82410473649238,3.1235421386997286,4.708543763003255,4.589765184212936,3.069352586479201,4.37834923350298,4.440058553535249,2.9696793021391112,3.0149829696096075,2.5523011059315333,3.5166888816032014,3.182227833577307,4.028578542846826,3.9872305049095615,5.004576578458184,3.4070586949372994,3.0299452668827267,4.613689751994754,3.4157022472908944,3.1626586596541797,3.7889650937349884,2.515567853628639,3.7446188843998978,2.799915100376268,3.7648390474434335,3.9693689635956497
80,4.4006718867493575,3.8387387753578937,3.127350532959847,4.723885558864831,4.629695195160932,3.1657752664732492,4.398529432396413,4.426963195447469,2.974134751920737,3.020736370594864,2.603807847570092,3.5807240600099917,3.245895416277999,4.190782199764028,3.9578158874075497,4.984113880647313,3.3914460397184163,3.0322139051271533,4.658931087169803,3.4608119684351633,3.1735517612993216,3.7977147656250145,2.483554535057809,3.779102273544681,2.790379556347048,3.7752743784678784,4.028793805423675
85,4.4425977657265685,3.850532099720458,3.1344141881348384,4.801588450835439,4.6921226585693905,3.2609496176400445,4.448336338844624,4.43663435390269,2.974604673239197,3.0174901054029855,2.6343448114244614,3.6375950685794907,3.309748445631555,4.287847786275145,3.936585307252008,4.9667960203062105,3.397725531419809,3.003715409881705,4.689355049735389,3.44707373529031,3.202624053404647,3.8142036578275946,2.464350817581784,3.800909911714655,2.7753486174118005,3.7943477556380474,4.076933418514846
90,4.484862751594501,3.8383855762151136,3.1554278704650236,4.86086135401131,4.749640819668951,3.282697921245022,4.516986449691548,4.504542426201,2.9638080215499083,3.0085590006013683,2.6391328250629447,3.6541397250929424,3.316962805979704,4.318222152398306,3.950988095457209,4.983858540133255,3.428568205435195,2.9662615832063404,4.70323096692434,3.4030911207237455,3.2113017532488914,3.8565201411033616,2.465623708082658,3.8111181602675805,2.762110035444853,3.812322121956914,4.115585066866173
95,4.524108248675468,3.8227264161420775,3.1758347970658787,4.863129948533869,4.771671952884646,3.2383796820302,4.5593407510957595,4.592243575618748,2.949547979897656,2.997688128303162,2.632590908609354,3.657077566864801,3.2686150090423727,4.347876027682008,3.973431821592034,5.022845275093051,3.4665887425831983,2.9658338016577535,4.717991349797792,3.3985887357209728,3.1802812639572924,3.8909524215180062,2.4769940776563297,3.8144460694061473,2.7654418056829977,3.8323987479062533,4.138379381868108
100,4.55459757479355,3.8292412622815135,3.1785445046300524,4.8489313573696124,4.763614485766979,3.191087780737046,4.5523195284321885,4.602834228516631,2.9582031048023287,2.9935781053341084,2.631209302701882,3.6785422058887884,3.2203782093933446,4.402211013468808,3.959608562417782,5.048798448223822,3.4945126050771904,3.008293391683553,4.743904895359113,3.4609081222508853,3.1320942877324742,3.8934944805518867,2.477583547240916,3.8171686378776366,2.7823684520449357,3.862873069597104,4.136474954141638
105,4.5743628803681755,3.852299735034628,3.168436342385338,4.861974709015814,4.739719788273313,3.18901659183054,4.5225727918197265,4.510805036528027,2.9963907137806065,3.003515883446608,2.637156418298397,3.70981953904686,3.2136548966756475,4.451239244733616,3.9156771249781666,5.0461239664091515,3.499900008546686,3.0417100596955233,4.775905130251398,3.5477267572475824,3.117556777975308,3.896525436874436,2.4661161679197354,3.819618326400039,2.7954062203722643,3.9007349169948964,4.113245782664955
110,4.589473433978049,3.868740837348429,3.1675505278231286,4.890728393525988,4.693851633136665,3.2243323504664643,4.5102893289462545,4.427800898568257,3.0299816787032396,3.020144411083755,2.6329435458807873,3.7288004745671923,3.240005595790159,4.474362335004437,3.90714868818245,5.027734072328215,3.481605483386892,3.028138716469462,4.799928401021671,3.6055923338250824,3.1651134807245453,3.940140618948022,2.4569139885605065,3.821814853772685,2.7972709772313697,3.929986198831892,4.091253085090052
115,4.6136411154533965,3.8607718346773274,3.1884631306121665,4.902847768385503,4.636065802145289,3.2481174147368255,4.529279130655734,4.461580812448653,3.025820244739237,3.025078835212277,2.604257890704547,3.7302121320611783,3.2727640680125325,4.476784757910098,3.978092661068465,5.0085368554616,3.4643834887371647,2.9932976594110863,4.804815983212122,3.6184301672431194,3.23600198534771,4.001828558551656,2.4559406641496713,3.836959272515171,2.7922274346441815,3.9373290684363065,4.0951350964660085
120,4.646602191659474,3.8262042906382083,3.217820707870575,4.88975301379949,4.623815627324605,3.2263830777548055,4.569535643187065,4.558784660626221,2.9964923997305903,3.0109517654732487,2.5754099676570172,3.72781763782173,3.300881293320259,4.468331658671086,4.072461875217125,4.982305931250506,3.481418931931438,2.9760152349479423,4.796896512464027,3.6086164399965943,3.252202317973355,4.025820020510091,2.4566126595611717,3.8782643212813412,2.7829946604159845,3.9301657230364966,4.126333175220816
125,4.666381603663059,3.7871442489230995,3.2287332278647103,4.86107066110963,4.7044219794454,3.1811622711943186,4.614936842718294,4.5936407091571985,2.9808934782239183,2.9893880604961467,2.589784299226337,3.741020148767029,3.325555391608019,4.462642967557305,4.093943665057446,4.940629814589221,3.5304712706903074,2.974192521495867,4.798388892480872,3.6131109833478794,3.180657064076584,4.018284768069238,2.452691107963932,3.9279074298681445,2.775633946300047,3.9270059922384712,4.16104216357152
130,4.657370344010035,3.7780948376086383,3.2066137884644523,4.831505399452192,4.847395764548149,3.163055537953661,4.649445129507052,4.56828467686179,2.991879508507365,2.9754748166166225,2.643920702394129,3.7631377040833462,3.3429140052141144,4.472482828790555,4.0392314602374055,4.897772841919119,3.5713193438751856,2.9721453267536213,4.824090745139811,3.6402186320106926,3.0736560909289223,4.04643626072864,2.4485087075335557,3.9473465245688595,2.7832938874238455,3.9292452024520315,4.173010754729558
135,4.634067135340678,3.809282684694802,3.16186427519309,4.81876831264796,4.979764931172716,3.18352361642651,4.666265044617486,4.5899668641536095,3.0027671703576106,2.9756934012036527,2.6878383724598787,3.7546793209458054,3.341712072010381,4.4945562379486725,3.992472818831211,4.872394556548349,3.573020669892249,2.9741047503195883,4.861880926892212,3.657276324969352,3.0198407851920446,4.126071616195622,2.4525870542851336,3.9237478587668324,2.8084415928789634,3.924978166317719,4.155552255300961
140,4.630441077350723,3.852279612956093,3.122698909479489,4.827872800810505,5.063810688712243,3.2037154368466503,4.676883555279036,4.675354845049836,2.985280550744118,2.9885020965502442,2.6953306802526606,3.701476096059557,3.3163233729122696,4.517643428447265,3.998591853374309,4.872490881852082,3.546439676977642,2.9867785007824605,4.887198496623159,3.6431765320323164,3.0582844660567683,4.190319932989503,2.460501188647732,3.881997560548379,2.8352336731367074,3.921381097307475,4.126582190179985
145,4.660801110262783,3.869755943720496,3.1164210032335666,4.839761310368472,5.09722298433175,3.1964684947567865,4.694780088303495,4.724099348454223,2.9457843038066476,3.0059718252061294,2.6815340828417824,3.6593993482534355,3.2739136227324885,4.543047497791847,4.021258121129658,4.903603726119715,3.5251133374545858,3.0058209434887644,4.895352402063645,3.6202746929546916,3.1439740525840523,4.195922554175127,2.4586294463224894,3.8564081932456604,2.8500608744966605,3.9388879527129586,4.114376245100127
150,4.693520229766481,3.85335046625552,3.1478245661892927,4.834153865620439,5.076241982792381,3.183564681090988,4.714716060410864,4.683071793574349,2.9157175453082274,3.0173479609358616,2.6609683289542314,3.691303598554166,3.236019258011955,4.580781771967938,4.013037224139992,4.951828874403091,3.524319864999207,3.024353572798893,4.897686845616819,3.6127583565357284,3.20748739323317,4.180066392855211,2.4501190938777384,3.8604257908075117,2.8553939123761145,3.9680923228043734,4.13179488634483
155,4.686151292808717,3.829774377723359,3.1932590721432303,4.8140519210986,5.022335371357096,3.1970524478418625,4.724664771418557,4.611996273786736,2.916481475823049,3.015516317120348,2.6395934523236053,3.7760535856339983,3.242530680915399,4.6232900204145135,3.9724753344356536,4.976856117731516,3.533613742156998,3.0346307104925225,4.893015366235182,3.617229340481304,3.228874685341627,4.190129358907695,2.455449479987425,3.8739716132948114,2.8577322182584886,3.9776615596116303,4.161340299158338
160,4.641892067406427,3.8264503144805895,3.226457999324574,4.793611540123678,5.0129790339743625,3.2281199948587824,4.728679368979402,4.5887656613719745,2.9421798462574125,3.000025540094663,2.6340162208071862,3.838839934990823,3.317206747503379,4.640296229227329,3.936580945311856,4.954555368431885,3.5462561432676987,3.031797968644389,4.876017605041045,3.631474462407648,3.228191966677593,4.2199015024129185,2.4776926254436917,3.8706346441127635,2.857178513608071,3.9685030864955877,4.17097545181091
165,4.601708218975939,3.8356945027170064,3.245127734992157,4.780394083746386,5.096993776672687,3.237431314860962,4.742102858701125,4.635169592458444,2.971103367080987,2.9791166732596595,2.658220441655052,3.8511200486673283,3.4096406239227877,4.617495844996546,3.9344358968476665,4.9025263886507275,3.5670824772997682,3.018849844573091,4.8584320152446345,3.6663685198145535,3.2197158285145786,4.234831502024059,2.492138417645461,3.8561659733714406,2.8554862211527525,3.968344755366448,4.150609827119014
170,4.58687040273802,3.8359212477426383,3.2568527504164027,4.7823508045031256,5.199788846289406,3.211384925870438,4.769690546937751,4.71784740629241,2.986507468794531,2.9679088674931293,2.7004774557233886,3.8381626621883855,3.4366199065604652,4.584604577960337,3.9520803245038807,4.858904615389854,3.588469895204981,2.9985912082986657,4.849673641686862,3.71465949022593,3.2062082866396073,4.226702795776326,2.4864027804632367,3.852179257702385,2.8605108648135587,3.980215449703674,4.1268654073645425
175,4.578277537449237,3.842222243228318,3.255269356958491,4.807602600589382,5.210342693813688,3.180476053161105,4.7996619147646,4.772157032145611,2.984032027112322,2.9737694638317897,2.7338322310549152,3.8137134823287813,3.3939273849122253,4.578522905827055,3.9532361827842797,4.851045637741077,3.5924319905308857,2.9749778302025436,4.8440198124584635,3.7471005705133744,3.18757853671171,4.222817541491439,2.4832506901748848,3.8547484815819417,2.873476477818032,3.9831127755329354,4.13330483343672
180,4.5522649062894,3.890104521442585,3.2341332195904546,4.847524931802894,5.1241494306681945,3.177784582489098,4.817237516493278,4.751042123436746,2.970919672235697,2.984676990808814,2.7385026447007634,3.772221850540808,3.350652610751321,4.5947239985765815,3.923836051788872,4.871281738518857,3.577268320103036,2.958444168842694,4.845578851005685,3.748664824058092,3.1619588538244527,4.251458170388896,2.5012893010109956,3.8449202292907865,2.882792252492458,3.969763477198657,4.173515248673073
185,4.510231612699816,3.9682782101768574,3.2090374987338324,4.882810810729585,5.018978491061235,3.2052089924659186,4.816174352591289,4.675068284006843,2.9686239506941536,2.9835128421987567,2.711471679308243,3.7350000154431187,3.3472729001988935,4.603248275761129,3.8713094004272115,4.887880842826134,3.554508216000788,2.9448848998849066,4.867464200075254,3.731071356893242,3.1367519564081934,4.312655308145782,2.522259768368601,3.8281263942224704,2.8776652327724044,3.953699568488211,4.2186717705593635
190,4.471746362765295,4.020308181006916,3.201731221952464,4.905876537731826,4.962286802727887,3.239773284645285,4.7995671839740055,4.618047437849014,2.994999192297637,2.9715552503226452,2.6713838373559042,3.7487760405604456,3.37074451436041,4.595826692781152,3.7948557932975793,4.889572792954268,3.533273569613776,2.9140873581943096,4.904763761836662,3.711755453337864,3.1275634635308274,4.375497421631159,2.519328285342644,3.8298258729890464,2.8605230504854755,3.9479773128976166,4.237280038586217
195,4.467124893631299,4.017866746695574,3.211292451030921,4.921043486338419,4.996219114582575,3.2555343431727666,4.780343782119513,4.633064780899388,3.0308939161359754,2.9636671612619243,2.650561107213085,3.8229152090587823,3.397745695480507,4.592362186053444,3.693355782370308,4.891578884338714,3.5315944718999615,2.876561898065804,4.941950528054279,3.701794743345165,3.132614779308272,4.398621151506393,2.494746805987285,3.8542488062570848,2.843731437832311,3.95169165439626,4.231948522460612
200,4.5213109412112535,3.9833279573337554,3.215777178265196,4.928865568276863,5.129099356169938,3.2463387050879304,4.780955265014474,4.694451674948947,3.034966609612117,2.9620697084215037,2.66891249146256,3.901508451213646,3.407177473284225,4.612804261928074,3.5950225509762173,4.899151585742976,3.5734088199017497,2.8768148415703467,4.971260011831572,3.711108801639247,3.132159560359173,4.368730811641208,2.477854585161074,3.871952144676913,2.8371214187766154,3.9561484537127924,4.238655694986584
205,4.603561678450907,3.9414388981197277,3.2004651778009596,4.9185899831193804,5.300764996318237,3.228271544491812,4.816592702656561,4.727688734769764,3.0047783171854245,2.9544645960663143,2.7126295509711444,3.923501399325466,3.3792418144268983,4.655933526362168,3.537105467959623,4.905389853391967,3.6372479634704677,2.9246991816135965,4.9850332808863085,3.746072471285627,3.121259692770444,4.3196794734318695,2.49316299028203,3.855890131152902,2.8406959442495863,3.955022440683649,4.274780932042866
210,4.629477225304263,3.9023989652344717,3.177177539093021,4.879620248387568,5.4120527120172905,3.212639139180148,4.8718485054909975,4.702706846477534,2.9910746582987446,2.9373490180869193,2.7409514700836564,3.8901126784757425,3.3214481109663527,4.702991697422691,3.5117816463983504,4.9179763393507585,3.6390303889101454,2.9709300602097053,4.978143956778243,3.7928880473550426,3.1126772122228648,4.297023039661969,2.5283106031590226,3.8167271931316376,2.850278001265908,3.9473827175892797,4.314287202482697
215,4.563188298566282,3.8906265166504057,3.170820896501017,4.8253065200333545,5.415511422164671,3.1958960736246613,4.907768259417266,4.666470704710838,3.0306622372864047,2.9202355666270767,2.728940173249813,3.8500219152971376,3.2798253836379963,4.740926845169271,3.4702085800005773,4.948900071626667,3.5329416917988277,2.966285774231351,4.967802478133521,3.825544383005836,3.1062517566311802,4.309707215515225,2.5421749478871547,3.79006476485399,2.8632131690601876,3.9381589843860523,4.334935705997608
220,4.469966251689604,3.934346754526539,3.1881757457752236,4.793490912156758,5.35391203673796,3.1825842406099865,4.901285974864954,4.676505268046177,3.089158312996167,2.9111162187813613,2.7018775791746807,3.837413951067255,3.295920664204232,4.774277304732078,3.391973439833352,4.9840593155411135,3.4137779911780535,2.9139688416992566,4.9795919289898745,3.8497000112309787,3.087787732150038,4.333617935750161,2.5168762272500005,3.795850320516883,2.8735101015914615,3.9314548957491326,4.352030274916656
225,4.424304141823819,4.016965599181686,3.210824949905838,4.807085191834744,5.305921921983185,3.1857303876816436,4.8713376219416205,4.734111164395787,3.1072900907962033,2.9134722124624646,2.7008423063044775,3.8498444196850032,3.3566663733218625,4.808600872623292,3.315126825413882,4.998334108321741,3.417376255897445,2.861376102583798,5.012025296057334,3.899736574078997,3.0605900743451464,4.35258483543555,2.4874049876815665,3.823985389561795,2.869856248912409,3.9225219304286774,4.381998717687001
230,4.413783223852086,4.071746611998421,3.2219933722418252,4.840702474487905,5.313443060833523,3.1913495659716897,4.8619561333605015,4.777043191236352,3.0893336872010684,2.927300278287035,2.7230506822656078,3.8754259542478593,3.4054361432540556,4.837857242192524,3.281356756222737,4.999488248884313,3.515064599267609,2.856430611141108,5.0491911253321105,3.963578601438568,3.0618905864080763,4.3742312701381385,2.5009987835477236,3.8501520747061186,2.8480512446799966,3.914282388647449,4.402173685656983
235,4.371359825512411,4.037695261161288,3.225252944795004,4.84536365261166,5.366157456456021,3.1563446101206116,4.902445662981937,4.727299714459895,3.094275979521903,2.9459435300434054,2.729464085120306,3.913136829503983,3.399630167095255,4.856573016027344,3.288230876987622,5.023580310412333,3.53491565355521,2.912656996491513,5.09658091046451,3.9700244511031078,3.138232282360352,4.409727471888585,2.562401691722947,3.8537812449460986,2.819915091473582,3.931284980801839,4.371801406061512
240,4.275310198363507,3.9226111236286374,3.229778227432406,4.808719346825267,5.437038151933167,3.0691090171870647,4.983115561162492,4.579735753496525,3.1448268361763096,2.96297494871905,2.705157073547445,3.9621819792918638,3.347026733949092,4.868620212669157,3.3110728087520522,5.081601497352612,3.4123496211439917,3.007809319169381,5.162916821853964,3.895575244946637,3.287188913863264,4.456974035719622,2.644365228068361,3.8342091243341554,2.7969156472305805,3.983257799573644,4.288903803969424
