t,Marker,P,V'O2,V'O2/kg,V'CO2,HF,V'E/V'O2,RER,AF,V'E,W,EU/kg,EU,EUKH,EUFett,CHO,Fett,V'O2_filtered
0 days 00:03:01,,-,0.380517263756302,6.84383567907017,0.377488175591043,-,39.4574476116692,0.992039551279864,35.08,19.67988,13.1730250792506,2.04819439792227,113.879608524478,103.621167507419,0.0,25.2119628971823,0.0,0.3805078319487301
0 days 00:03:02,,-,0.380517263756302,6.84383567907017,0.377488175591043,-,39.4574476116692,0.992039551279864,35.08,19.67988,13.2046583038408,2.04819439792227,113.879608524478,103.621167507419,0.0,25.2119628971823,0.0,0.26190172874431367
0 days 00:03:03,,-,0.380517263756302,6.84383567907017,0.377488175591043,-,39.4574476116692,0.992039551279864,35.08,19.67988,13.2362915284309,2.04819439792227,113.879608524478,103.621167507419,0.0,25.2119628971823,0.0,0.23866875534268905
0 days 00:03:04,,-,0.324186942933666,5.83070041247601,0.328566311171826,-,38.5943983023404,1.01350877428477,19.86,15.15318,13.2655833222115,1.74498753050409,97.0213066960273,88.28148606409,0.0,21.4796803075645,0.0,0.43318794252147086
0 days 00:03:05,,-,0.324186942933666,5.83070041247601,0.328566311171826,-,38.5943983023404,1.01350877428477,19.86,15.15318,13.2925336851827,1.74498753050409,97.0213066960273,88.28148606409,0.0,21.4796803075645,0.0,0.8364376261360884
0 days 00:03:06,,-,1.90218110009272,34.2118902894373,1.87758634871614,-,33.9294665459846,0.987070236700715,46.87,70.7737,13.3850750847898,10.2387908358836,569.276770475128,517.995489761508,0.0,126.032965878712,0.0,1.2004211085180276
0 days 00:03:07,,-,1.14485577201843,20.5909311514106,1.16710019444904,-,38.6752035340984,1.01942989062403,44.77,50.23194,13.5117284733357,6.16236739308332,342.627627055432,311.763231326433,0.0,75.8548008093512,0.0,1.2596720787676927
0 days 00:03:08,,-,0.8350705633938,15.0192547372986,0.859693225957947,-,40.2984627589255,1.02948572688765,45.11,39.65169,13.5940262563873,4.49489947690882,249.91641091613,227.403576583484,0.0,55.3293373682443,0.0,1.0438333781894669
0 days 00:03:09,,-,0.8350705633938,15.0192547372986,0.859693225957947,-,40.2984627589255,1.02948572688765,45.11,39.65169,13.6634474816418,4.49489947690882,249.91641091613,227.403576583484,0.0,55.3293373682443,0.0,0.8390109864116698
0 days 00:03:10,,-,0.92775121602381,16.6861729500685,0.952825905726444,-,38.9677743080125,1.02702738543432,51.28,42.97264,13.7367210786268,4.99376775857012,277.653487376499,252.642056793469,0.0,61.4700868110631,0.0,0.8530221997142239
0 days 00:03:11,,-,1.05567533861356,18.9869665218265,1.11922337256127,-,39.3367340138287,1.0601965695544,46.87,47.76053,13.8191643520824,5.68233959539285,315.938081503843,287.477918915092,0.0,69.9459656727718,0.0,1.0287844082454451
0 days 00:03:12,,-,1.16765123299039,21.0009214566616,1.21282597181504,-,37.576631412131,1.03868855489405,45.8,49.9678,13.911579329635,6.28506756967957,349.449756874184,317.97081375375,0.0,77.3651614972627,0.0,1.1765725554853919
0 days 00:03:13,,-,1.16765123299039,21.0009214566616,1.21282597181504,-,37.576631412131,1.03868855489405,45.8,49.9678,14.0086487065444,6.28506756967957,349.449756874184,317.97081375375,0.0,77.3651614972627,0.0,1.1894290681768325
0 days 00:03:14,,-,1.11230187967821,20.0054294906153,1.14229757967821,-,35.8331678910141,1.02696722944375,41.09,45.32227,14.1034174276217,5.9871409151475,332.885034882201,302.89826604758,0.0,73.6978749507494,0.0,1.1086327197121517
0 days 00:03:15,,-,1.02432469818682,18.4231060824968,1.0047826846562,-,37.1246832838392,0.980922051801336,45.11,44.02736,14.1922176303269,5.5121659099812,306.476424594955,277.8269763733,1.03447381829676,67.5978044703892,0.111353478826347,1.0446156448616875
0 days 00:03:16,,-,1.13618983434684,20.4350689630727,1.0743521836848,-,32.8708538582109,0.94557454327375,46.51,43.53336,14.2815986238364,6.06235123513954,337.066728673759,267.662025115426,38.7739345762087,65.1245803200551,4.17372815675013,1.0762870778032942
0 days 00:03:17,,-,1.13618983434684,20.4350689630727,1.0743521836848,-,32.8708538582109,0.94557454327375,46.51,43.53336,14.3752282706902,6.06235123513954,337.066728673759,267.662025115426,38.7739345762087,65.1245803200551,4.17372815675013,1.2030051761618121
0 days 00:03:18,,-,1.3735053310469,24.7033332922105,1.27235734142151,-,33.9924781831121,0.926357774273587,45.11,52.68848,14.4783732666001,7.29455471002581,405.577241877435,296.947682578364,71.6009543783114,72.2500444229596,7.70731478776227,1.3538317867001115
0 days 00:03:19,,-,1.44787243741892,26.0408711765993,1.31467709762481,-,31.6737157326873,0.908006163836119,38.7,51.0066,14.5938189530152,7.65524640847109,425.631700310993,286.226856874861,100.371360821268,69.6415710157812,10.8042369021817,1.4414950729758955
0 days 00:03:20,,-,1.44787243741892,26.0408711765993,1.31467709762481,-,31.6737157326873,0.908006163836119,38.7,51.0066,14.7120499808794,7.65524640847109,425.631700310993,286.226856874861,100.371360821268,69.6415710157812,10.8042369021817,1.436676386385182
0 days 00:03:21,,-,1.45462287031793,26.1622818402505,1.28918443753775,-,31.8159166505369,0.886267130707207,35.71,51.02959,14.8302417203474,7.65015870249618,425.348823858788,255.667923415603,130.46543155771,62.20630740039,14.0436417177298,1.4024411578786193
0 days 00:03:22,,-,1.300868556724,23.3969164878417,1.08762673616619,-,30.5706212933222,0.836077350432069,48.38,46.2029,14.9414996042769,6.75733705816068,375.707940433734,162.793207196725,177.844357642575,39.6090528459186,19.1436337613105,1.4368770503760784
0 days 00:03:23,,-,1.65712188077454,29.8043503736429,1.36498869237348,-,30.4141780907768,0.823710499637768,48.0,56.784,15.0599492082895,8.58146058376398,477.129208457277,186.70622495779,245.74830329131,45.427305342528,26.4529928193014,1.5672018540689236
0 days 00:03:24,,-,1.65712188077454,29.8043503736429,1.36498869237348,-,30.4141780907768,0.823710499637768,48.0,56.784,15.1924850995277,8.58146058376398,477.129208457277,186.70622495779,245.74830329131,45.427305342528,26.4529928193014,1.7156152331410206
0 days 00:03:25,,-,1.90143196004569,34.1984165475843,1.60523749715858,-,28.3176054318064,0.844225578873728,38.46,58.95918,15.3351793529366,9.89693194400847,550.269416086871,253.575107545028,245.433224044579,61.6971064586442,26.4190768616339,1.7870265768604323
0 days 00:03:26,,-,1.71367490601832,30.8214911154375,1.45072616458908,-,29.1570237881897,0.846558562242009,37.26,54.92124,15.4805250596864,8.92481425380917,496.21967251179,232.56809054234,217.45227744312,56.5859101076253,23.4071342780539,1.7763112858585444
0 days 00:03:27,,-,1.71367490601832,30.8214911154375,1.45072616458908,-,29.1570237881897,0.846558562242009,37.26,54.92124,15.6183638576063,8.92481425380917,496.21967251179,232.56809054234,217.45227744312,56.5859101076253,23.4071342780539,1.762669672322956
0 days 00:03:28,,-,1.84467466997324,33.177601977936,1.52766916649627,-,29.0701666114264,0.828150996684112,37.5,58.6125,15.7611329690838,9.56327212456378,531.717930125746,216.099159151985,265.887817611018,52.5788708398991,28.6208630367081,1.803356704868972
0 days 00:03:29,,-,1.84467466997324,33.177601977936,1.52766916649627,-,29.0701666114264,0.828150996684112,37.5,58.6125,15.9088323941187,9.56327212456378,531.717930125746,216.099159151985,265.887817611018,52.5788708398991,28.6208630367081,1.8666672761832899
0 days 00:03:30,,-,1.93327577871013,34.771147099103,1.61807200932352,-,27.8677778893738,0.836958713879448,38.21,58.95803,16.0602484442402,10.0445617041201,558.47763074908,243.652408320794,262.705654054884,59.2828244089522,28.2783265936366,1.8860036656546586
0 days 00:03:31,,-,1.853088506087,33.3289299655935,1.55987320944765,-,28.7181749955237,0.841769405143794,35.29,57.91089,16.2122526435647,9.63943533069976,535.952604386907,242.537461690627,243.457359042979,59.0115478566002,26.2063895632916,1.8583835660486776
0 days 00:03:32,,-,1.853088506087,33.3289299655935,1.55987320944765,-,28.7181749955237,0.841769405143794,35.29,57.91089,16.3611283670055,9.63943533069976,535.952604386907,242.537461690627,243.457359042979,59.0115478566002,26.2063895632916,1.85624337988489
0 days 00:03:33,,-,1.8554540774376,33.3714762129065,1.59651040398566,-,31.9461099688647,0.860441885034664,45.11,65.27417,16.5104441302584,9.69641890349346,539.120891034237,277.790265375384,211.309068094397,67.588872354108,22.7458630887402,1.931160827139918
0 days 00:03:34,,-,2.07293612233183,37.2830237829467,1.75556178809813,-,30.039217961986,0.846896230513516,43.79,68.09345,16.6686969217846,10.7967483445087,600.299207954683,282.030505285871,262.384003159644,68.6205608968055,28.2437032464633,2.030346377176397
0 days 00:03:35,,-,2.07296570728565,37.2835558864326,1.75558684414252,-,30.0387892482485,0.846896230831185,43.79,68.09345,16.8354478917054,10.7969024365996,600.307775474939,282.034531090699,262.387747288385,68.6215404113622,28.2441062743149,2.0476758532053054
0 days 00:03:36,,-,1.996468010328,35.907698027482,1.70503263311257,-,29.6424684462023,0.854024519447449,38.96,64.36192,16.9992649835815,10.4168216912429,579.175286033103,285.980246534771,239.371859114297,69.5815684999444,25.7666156204841,1.9647754819355034
0 days 00:03:37,,-,1.996468010328,35.907698027482,1.70503263311257,-,29.6424684462023,0.854024519447449,38.96,64.36192,17.1601470074796,10.4168216912429,579.175286033103,285.980246534771,239.371859114297,69.5815684999444,25.7666156204841,1.8962613570496984
0 days 00:03:38,,-,1.48701018932845,26.7447875778498,1.28569807783336,-,26.080016316172,0.864619548043577,31.25,42.9375,17.3006590223419,7.77897879452469,432.511220975573,228.894026773112,163.528589106317,55.6919773170589,17.6026468359868,1.9539083834576545
0 days 00:03:39,,-,2.5732924022736,46.2822374509641,2.18300124308821,-,26.8911297988756,0.848330038653766,45.11,75.19837,17.464266324892,13.4075783702363,745.461357385136,353.827062981306,322.260389872456,86.0893097278116,34.6889547763677,2.102389436955023
0 days 00:03:40,,-,2.15129497129292,38.6923555987935,1.85788412004604,-,28.0158745333643,0.863611984798838,39.73,65.5545,17.6546872671435,11.2512486839067,625.569426825215,328.960571307644,238.61166412749,80.0390684446822,25.6847862354672,2.214969970829355
0 days 00:03:41,,-,2.15126668849308,38.6918469153431,1.85785999962051,-,28.016242859326,0.863612126547596,39.73,65.5545,17.8284554131481,11.2511011584195,625.561224408122,328.956554060848,238.608241438852,80.0380910123717,25.6844178082725,2.2425609774723454
0 days 00:03:42,,-,2.1559654600543,38.7763571952212,1.86875999949307,-,29.6879895276189,0.866785685632461,43.16,69.74656,18.0024803256118,11.2844990167378,627.418145330624,336.575845973206,232.719195326722,81.8919333268142,25.0505054173006,2.2412854805480227
0 days 00:03:43,,-,2.33731287444661,42.0380013389678,2.06503062377401,-,29.3535370253946,0.883506288931447,45.8,74.6998,18.1844821623206,12.2840841541878,682.995078972844,404.303269062532,215.679724665531,98.3706250760418,23.2163320414996,2.250871852071793
0 days 00:03:44,,-,2.33731287444661,42.0380013389678,2.06503062377401,-,29.3535370253946,0.883506288931447,45.8,74.6998,18.3742030175909,12.2840841541878,682.995078972844,404.303269062532,215.679724665531,98.3706250760418,23.2163320414996,2.2456363813626194
0 days 00:03:45,,-,2.13078545293156,38.3234793692727,1.95709511368924,-,30.5402685711362,0.918485298928919,35.29,69.76833,18.5562841279255,11.2947646661211,627.988915436335,443.750864176878,126.793780076784,107.968580091698,13.6484155088035,2.215602168405216
0 days 00:03:46,,-,2.1667132380949,38.9696625556637,1.93718979911605,-,31.1559272418325,0.89406838203441,47.24,73.78888,18.7316693060738,11.4169850221537,634.784367231744,397.8746975659,178.496814137396,96.8064957581265,19.2138658920771,2.2114565493467384
0 days 00:03:47,,-,2.33435285093122,41.9847635059572,2.16654976562425,-,30.8976939673998,0.928115800813906,44.44,78.03664,18.9156111003445,12.4028156747774,689.596551517624,508.819064558057,117.845201580742,123.800259016559,12.6851670162262,2.275420800226943
0 days 00:03:48,,-,2.33435285093122,41.9847635059572,2.16654976562425,-,30.8976939673998,0.928115800813906,44.44,78.03664,19.1071656979883,12.4028156747774,689.596551517624,508.819064558057,117.845201580742,123.800259016559,12.6851670162262,2.3745036058652205
0 days 00:03:49,,-,2.51904742063786,45.3066082848537,2.35802640047097,-,31.7302800039232,0.936078606997356,47.24,86.213,19.3064979700747,13.4099965378497,745.595807504443,569.307743562075,108.376560719907,138.517699163522,11.6659376447694,2.4333669063773105
0 days 00:03:50,,-,2.3185495199604,41.7005309345396,2.24402998436886,-,31.7643247927083,0.967859416005566,47.24,79.93008,19.5060994755246,12.4376804268761,691.535031734312,598.312577147481,30.716214368315,145.574836288925,3.30637399013079,2.413261695086887
0 days 00:03:51,,-,2.3604515979743,42.4541654311925,2.31092841015363,-,32.6089931545539,0.979019613084558,44.11,82.83858,19.7001906780725,12.6964321332849,705.921626610642,635.694733761082,6.59100612945036,154.670251523378,0.709473210920383,2.342747319257107
0 days 00:03:52,,-,2.3604515979743,42.4541654311925,2.31092841015363,-,32.6089931545539,0.979019613084558,44.11,82.83858,19.8962800187976,12.6964321332849,705.921626610642,635.694733761082,6.59100612945036,154.670251523378,0.709473210920383,2.2846057970437816
0 days 00:03:53,,-,2.21337826870075,39.8089616672796,2.21154270121493,-,32.6633233109485,0.999170694177415,44.11,78.16292,20.0863261547252,11.9138588501444,662.410552068031,602.739644646474,0.0,146.651981665809,0.0,2.2770481550160975
0 days 00:03:54,,-,2.23958847339433,40.2803682265168,2.17326953311217,-,30.7020690706569,0.970387889976211,40.0,74.08,20.2711595615279,12.0214024624353,668.3899769114,583.647636249082,24.3648270903859,142.006724148195,2.62269398174229,2.2893840254709654
0 days 00:03:55,,-,2.23958847339433,40.2803682265168,2.17326953311217,-,30.7020690706569,0.970387889976211,40.0,74.08,20.4568234440033,12.0214024624353,668.3899769114,583.647636249082,24.3648270903859,142.006724148195,2.62269398174229,2.242823276412252
0 days 00:03:56,,-,2.33727721564536,42.0373599936216,2.3202978265657,-,31.2269890415405,0.992735397852679,43.47,78.76764,20.6468068447596,12.5807645419791,699.490508534038,636.479384622011,0.0,154.861164141609,0.0,2.110949116618006
0 days 00:03:57,,-,1.82760859546353,32.8706581917901,1.82255412103259,-,28.7902946673627,0.997234378059125,35.29,57.31096,20.819924835458,9.83739252687455,546.959024494225,497.688158847404,0.0,121.092009451923,0.0,1.9889601883222383
0 days 00:03:58,,-,1.82760859546353,32.8706581917901,1.82255412103259,-,28.7902946673627,0.997234378059125,35.29,57.31096,20.9718578978175,9.83739252687455,546.959024494225,497.688158847404,0.0,121.092009451923,0.0,2.0057542919901907
0 days 00:03:59,,-,2.3947778372226,43.0715438349388,2.32789006238023,-,29.5861348383667,0.972069319415472,43.79,76.67629,21.1471291373136,12.8596025157839,714.993899877585,628.15193699648,22.2806682118531,152.835021167027,2.39834964605523,2.1690624405532306
0 days 00:04:00,,-,2.37066705609082,42.6378966922809,2.35369988124845,-,30.4042441619177,0.992842868930591,43.79,77.90241,21.344973190039,12.7604906428997,709.483279745225,645.571992446661,0.0,157.073477480939,0.0,2.3601261255518478
0 days 00:04:01,,-,2.4322594172834,43.745672972723,2.42048846933559,-,31.5425235708157,0.995160488283379,45.45,82.76445,21.5446120320751,13.09202127545,727.916382915022,662.344614832596,0.0,161.154407501848,0.0,2.477780607921533
0 days 00:04:02,,-,2.4322594172834,43.745672972723,2.42048846933559,-,31.5425235708157,0.995160488283379,45.45,82.76445,21.7468110273293,13.09202127545,727.916382915022,662.344614832596,0.0,161.154407501848,0.0,2.5176203996790902
0 days 00:04:03,,-,2.55173682194374,45.8945471572615,2.52480258960776,-,31.791381972615,0.989444745200854,44.77,87.07765,21.953976230342,13.7351273161272,763.67307877667,694.880295446524,0.0,169.070631495505,0.0,2.5106915481075793
0 days 00:04:04,,-,2.56476126084753,46.1287996555311,2.5809371415099,-,32.2990101513876,1.00630697324905,46.15,88.9772,22.1666490160262,13.8052334199488,767.570978149154,698.427066365713,0.0,169.933592789711,0.0,2.464675815664244
0 days 00:04:05,,-,2.30882643913091,41.5256553800523,2.32394795048868,-,33.3331855074259,1.00654943615574,46.87,83.19425,22.3692249684958,12.4276237343894,690.975879632053,628.731765894235,0.0,152.976098757721,0.0,2.3903982783831554
0 days 00:04:06,,-,2.30882643913091,41.5256553800523,2.32394795048868,-,33.3331855074259,1.00654943615574,46.87,83.19425,22.561162712838,12.4276237343894,690.975879632053,628.731765894235,0.0,152.976098757721,0.0,2.327825369557128
0 days 00:04:07,,-,2.32908416400416,41.8900029497151,2.39864139875111,-,32.3364012189753,1.02986462911987,43.16,81.05448,22.7539424914605,12.5366641447783,697.038526449675,634.248280655455,0.0,154.318316461181,0.0,2.310255875433963
0 days 00:04:08,,-,2.34008286073112,42.0878212361712,2.40129019027498,-,31.7659050657613,1.02615605223686,42.55,79.994,22.9480214771079,12.5958663707121,700.330170211595,637.243408352572,0.0,155.047057993327,0.0,2.3312074439176302
0 days 00:04:09,,-,2.39816789111658,43.1325160272766,2.42791607790805,-,31.3401327231541,1.01240454719691,42.85,80.85795,23.1449720027134,12.908518240076,717.713614148227,653.060926338037,0.0,158.895602515337,0.0,2.3691017196445125
0 days 00:04:10,,-,2.39816789111658,43.1325160272766,2.42791607790805,-,31.3401327231541,1.01240454719691,42.85,80.85795,23.3443368955324,12.908518240076,717.713614148227,653.060926338037,0.0,158.895602515337,0.0,2.4208292085849665
0 days 00:04:11,,-,2.43472029539194,43.7899333703586,2.52463809652644,-,32.401134598215,1.03693147065176,42.55,84.54685,23.5452211286335,13.1052673413608,728.652864179658,663.014752792128,0.0,161.317458100274,0.0,2.4866861632483572
0 days 00:04:12,,-,2.57219690827774,46.262534321542,2.68185113659459,-,32.4635955090666,1.04263057309647,44.44,89.41328,23.7533390663643,13.8452569691069,769.796287482346,700.451916592705,0.0,170.426257078517,0.0,2.54223762941653
0 days 00:04:13,,-,2.60773011860548,46.901620838228,2.68262190385829,-,32.8250532481388,1.02871914724552,47.24,91.8818,23.9686483448243,14.0365200976574,780.430517429749,710.12819961624,0.0,172.780583848234,0.0,2.562628615259014
0 days 00:04:14,,-,2.60773011860548,46.901620838228,2.68262190385829,-,32.8250532481388,1.02871914724552,47.24,91.8818,24.1854345996659,14.0365200976574,780.430517429749,710.12819961624,0.0,172.780583848234,0.0,2.5678904439514403
0 days 00:04:15,,-,2.47965133221306,44.5980455434003,2.58279346184645,-,33.8532151312906,1.04159541637709,46.87,90.17788,24.3968971209991,13.3471157584376,742.099636169128,675.25021997373,0.0,164.294457414533,0.0,2.591375282784513
0 days 00:04:16,,-,2.53042846758928,45.511303373908,2.69739038707871,-,34.6679153841383,1.06598167924047,47.24,94.0076,24.6051465154643,13.620431726269,757.296003980557,689.077676837124,0.0,167.658802150152,0.0,2.5886062526886313
0 days 00:04:17,,-,2.50106823106404,44.9832415659001,2.65285617374951,-,33.7639409237843,1.06068924501947,45.11,90.44555,24.8142861265319,13.462395606228,748.509195706277,681.082397051375,0.0,165.713478601308,0.0,2.452399775053649
0 days 00:04:18,,-,2.50106823106404,44.9832415659001,2.65285617374951,-,33.7639409237843,1.06068924501947,45.11,90.44555,25.0222053475615,13.462395606228,748.509195706277,681.082397051375,0.0,165.713478601308,0.0,2.186262249975348
0 days 00:04:19,,-,1.74393735004561,31.3657796770793,1.8544914198533,-,27.2528138690057,1.06339337236214,28.98,51.38154,25.1986536032963,9.38701880548166,521.91824558478,474.903089777431,0.0,115.548197026139,0.0,1.9955517913004321
0 days 00:04:20,,-,1.74393735004561,31.3657796770793,1.8544914198533,-,27.2528138690057,1.06339337236214,28.98,51.38154,25.3436308937365,9.38701880548166,521.91824558478,474.903089777431,0.0,115.548197026139,0.0,2.0841685538133596
0 days 00:04:21,,-,2.8197554757896,50.7150265429783,2.92358273654517,-,30.9312778178316,1.03682137038017,48.78,93.70638,25.5333257300429,15.1777801406711,843.884575821312,767.866223998405,0.0,186.828764963116,0.0,2.3855846138695127
0 days 00:04:22,,-,2.65479540370863,47.7481187717379,2.76898519200382,-,32.3298736618651,1.04301265104485,45.8,91.9206,25.7608813681127,14.2898564439069,794.516018281223,722.944858033561,0.0,175.898992222278,0.0,2.6251222538671364
0 days 00:04:23,,-,2.49332716544605,44.8440137670153,2.61486346517875,-,33.1340231418128,1.04874462582248,44.44,88.52448,25.9748686598324,13.4207280953345,746.192482100599,678.974376381906,0.0,165.200578195111,0.0,2.6439483073255103
0 days 00:04:24,,-,2.49332716544605,44.8440137670153,2.61486346517875,-,33.1340231418128,1.04874462582248,44.44,88.52448,26.1821443493048,13.4207280953345,746.192482100599,678.974376381906,0.0,165.200578195111,0.0,2.537487070314779
0 days 00:04:25,,-,2.49861077987178,44.9390428034493,2.59504973677279,-,33.4018890306248,1.03859703066916,44.44,89.36884,26.3896396579347,13.4491679862365,747.773740034751,680.413192298032,0.0,165.550655060348,0.0,2.4700065140452807
0 days 00:04:26,,-,2.53259912955522,45.5503440567486,2.65520088498833,-,33.781686569175,1.0484094596742,44.77,91.50988,26.5987673482975,13.6321156578587,757.945630576944,689.668784123438,0.0,167.802623874316,0.0,2.4759222087815003
0 days 00:04:27,,-,2.46965964662855,44.4183389681394,2.66527707020916,-,34.9422359140888,1.07920825197418,45.11,92.29506,26.8066916534432,13.2933339293611,739.109366472476,672.529318127088,0.0,163.632437500508,0.0,2.485899675744669
0 days 00:04:28,,-,2.46965964662855,44.4183389681394,2.66527707020916,-,34.9422359140888,1.07920825197418,45.11,92.29506,27.0119998107967,13.2933339293611,739.109366472476,672.529318127088,0.0,163.632437500508,0.0,2.4664597595970115
0 days 00:04:29,,-,2.47331290183867,44.4840449970984,2.61274161732431,-,33.8130933364027,1.05637326170174,44.77,89.58477,27.2174598196607,13.3129981537426,740.20269734809,673.524160164841,0.0,163.874491524292,0.0,2.463794710761629
0 days 00:04:30,,-,2.4216240326752,43.5543890768921,2.62859193606252,-,34.8015046360846,1.08546657143912,47.24,90.55908,27.4209231761921,13.0347746344982,724.733469678097,659.4484230564,0.0,160.449737969927,0.0,2.5221060120016983
0 days 00:04:31,,-,2.71280223600879,48.7914071224603,2.89432594029186,-,35.0674180142085,1.06691372554681,49.99,101.77964,27.634341166345,14.6020873997,811.876059423321,738.741081382313,0.0,179.742355567473,0.0,2.608303736926683
0 days 00:04:32,,-,2.62840886136467,47.2735406720264,2.82015430029917,-,35.9296308075023,1.07295114612989,48.38,100.8723,27.8563543919194,14.1478267034532,786.619164712,715.759364536697,0.0,174.150696967566,0.0,2.6457420801954465
0 days 00:04:33,,-,2.62840886136467,47.2735406720264,2.82015430029917,-,35.9296308075023,1.07295114612989,48.38,100.8723,28.0748597154505,14.1478267034532,786.619164712,715.759364536697,0.0,174.150696967566,0.0,2.6084979492356726
0 days 00:04:34,,-,2.50357294133123,45.0282903117127,2.70353331457738,-,36.7523543975812,1.07987000096743,45.8,98.1036,28.2881760987265,13.4758776056701,749.258794875256,681.764471235319,0.0,165.879433390589,0.0,2.54970026631539
0 days 00:04:35,,-,2.52769484826912,45.4621375587971,2.80510416455757,-,37.9011889293529,1.10974794543669,49.18,102.34358,28.4973061949414,13.6057175876191,756.477897871619,688.333266918162,0.0,167.477680515368,0.0,2.5290521973617843
0 days 00:04:36,,-,2.54281133784547,45.7340168677244,2.85427718545861,-,37.6309789782033,1.12248877570172,51.28,102.50872,28.7080672776156,13.6870844853017,761.001897382775,692.449737963531,0.0,168.479254978961,0.0,2.53834610529026
0 days 00:04:37,,-,2.5342511145407,45.580056016919,2.81924123538505,-,37.1321055991939,1.1124553597744,47.24,100.385,28.9191008786,13.6410077285083,758.440029705059,690.118647057934,0.0,167.91207957614,0.0,2.5223149535647846
0 days 00:04:38,,-,2.5342511145407,45.580056016919,2.81924123538505,-,37.1321055991939,1.1124553597744,47.24,100.385,29.1297786646292,13.6410077285083,758.440029705059,690.118647057934,0.0,167.91207957614,0.0,2.4641271270689376
0 days 00:04:39,,-,2.30940414467546,41.5360457675442,2.58401851792161,-,37.4030678862139,1.11891135377032,45.8,92.4702,29.3311104427717,12.4307333259184,691.148772921063,628.889084703929,0.0,153.014375840372,0.0,2.4180169979878685
0 days 00:04:40,,-,2.47130979447571,44.4480178862539,2.74883465110942,-,35.3533337646708,1.11229869167114,44.44,93.27956,29.5298259967593,13.3022161113229,739.603215789555,672.978680778325,0.0,163.741771478911,0.0,2.439966639012225
0 days 00:04:41,,-,2.48066942211811,44.6163565129156,2.70021298629254,-,36.5154095875687,1.08850174159319,49.58,97.1768,29.7356603775412,13.352595788488,742.404325839934,675.527462755167,0.0,164.361913079116,0.0,2.5077238449499046
0 days 00:04:42,,-,2.59590095360566,46.6888660720442,2.7888498488268,-,36.6211738040146,1.07432829629079,49.18,101.60588,29.946673524826,13.9728477448039,776.890334611096,706.90692162265,0.0,171.996817913054,0.0,2.542944485307413
0 days 00:04:43,,-,2.59590095360566,46.6888660720442,2.7888498488268,-,36.6211738040146,1.07432829629079,49.18,101.60588,30.1624763955513,13.9728477448039,776.890334611096,706.90692162265,0.0,171.996817913054,0.0,2.5085931464962985
0 days 00:04:44,,-,2.22854481179844,40.0817412193963,2.37928391096921,-,32.0571072305911,1.06764014722645,39.47,76.69021,30.3630097102733,11.9954951688278,666.949531386826,606.86974609659,0.0,147.656872529584,0.0,2.447756098478971
0 days 00:04:45,,-,2.52049970531849,45.3327285129224,2.7840482196884,-,34.2394406227852,1.10456200959429,46.15,92.43845,30.5604088904255,13.5669885918877,754.324565708955,686.373910053332,0.0,167.000951351176,0.0,2.419369034932672
0 days 00:04:46,,-,2.52049970531849,45.3327285129224,2.7840482196884,-,34.2394406227852,1.10456200959429,46.15,92.43845,30.7699434920113,13.5669885918877,754.324565708955,686.373910053332,0.0,167.000951351176,0.0,2.4351557898709815
0 days 00:04:47,,-,2.4090737306215,43.3286642198112,2.54368918657945,-,35.5812812660931,1.05587851224596,46.51,91.90376,30.9748465522473,12.9672206473154,720.977467990735,656.030767472164,0.0,159.618191599067,0.0,2.473781099367237
0 days 00:04:48,,-,2.42685269836696,43.6484298267438,2.6100424729595,-,36.8081672448061,1.07548450497874,48.0,95.712,31.1758570731885,13.0629187551426,726.29828278593,660.872275520115,0.0,160.796174092485,0.0,2.5153703298972276
0 days 00:04:49,,-,2.67132245893026,48.0453679663715,2.94026222600808,-,36.2473274899113,1.10067663908517,48.78,103.31604,31.3877682466247,14.3788159344302,799.46216595432,727.445449519527,0.0,176.994026647087,0.0,2.542115115447203
0 days 00:04:50,,-,2.50332088098155,45.0237568521861,2.76956301792801,-,36.7794479323399,1.10635557709329,47.24,98.35368,31.6028579029117,13.4745208509435,749.183359312457,681.695831017899,0.0,165.862732607761,0.0,2.5396676370135953
0 days 00:04:51,,-,2.50332088098155,45.0237568521861,2.76956301792801,-,36.7794479323399,1.10635557709329,47.24,98.35368,31.8109643916097,13.4745208509435,749.183359312457,681.695831017899,0.0,165.862732607761,0.0,2.516328608471894
0 days 00:04:52,,-,2.47479997822054,44.5107909751896,2.72949391453133,-,35.4997780722345,1.10291495819954,45.45,93.8997,32.0178853780867,13.3210025777326,740.647743321935,673.929115749092,0.0,163.973020863526,0.0,2.498764278121121
0 days 00:04:53,,-,2.53195398803285,45.5387407919577,2.83834530504225,-,35.5013086433836,1.12100982816336,47.61,96.21981,32.2259965306774,13.6286430815058,757.752555331721,689.493101377545,0.0,167.759878680668,0.0,2.5016926746202217
0 days 00:04:54,,-,2.52986320622231,45.5011368025594,2.80036891928547,-,35.1387180861622,1.10692503547142,43.47,94.67766,32.436396445992,13.6173891174954,757.126834932745,688.923746783557,0.0,167.621349582374,0.0,2.518264410232016
0 days 00:04:55,,-,2.52986320622231,45.5011368025594,2.80036891928547,-,35.1387180861622,1.10692503547142,43.47,94.67766,32.6467094556955,13.6173891174954,757.126834932745,688.923746783557,0.0,167.621349582374,0.0,2.5381730952759276
0 days 00:04:56,,-,2.51379044616083,45.2120583841877,2.73151176974145,-,35.9618042697486,1.08661076897365,45.11,96.40007,32.8563543837149,13.5308749425745,752.316646807141,684.546867411002,0.0,166.556415428468,0.0,2.556414674862467
0 days 00:04:57,,-,2.61794496183243,47.0853410401516,2.82949037667474,-,35.9970516469674,1.08080590613114,46.15,100.37625,33.0696605253282,14.0915031080642,783.48757280837,712.909870993337,0.0,173.457389536092,0.0,2.5650604991987094
0 days 00:04:58,,-,2.53899331603792,45.6653474107539,2.77339471095419,-,36.734240067061,1.09232060338074,47.61,99.60012,33.284014251531,13.6665333786313,759.8592558519,691.410027246171,0.0,168.226284001501,0.0,2.554844995149815
0 days 00:04:59,,-,2.53899331603792,45.6653474107539,2.77339471095419,-,36.734240067061,1.09232060338074,47.61,99.60012,33.4950862670454,13.6665333786313,759.8592558519,691.410027246171,0.0,168.226284001501,0.0,2.529092956435634
0 days 00:05:00,,-,2.46045906680308,44.2528609137244,2.64016847082458,-,36.0691552228545,1.0730389732738,44.44,94.6572,33.7028939214116,13.2438103522436,736.355855584745,670.023847510987,0.0,163.022833944279,0.0,2.5050383179898152
0 days 00:05:01,,-,2.54698549045404,45.8090915549287,2.78948564041928,-,36.0190823009541,1.09521065230804,47.24,98.023,33.9110337791656,13.7095525223745,762.251120244025,693.586429009776,0.0,168.755822143498,0.0,2.4997486977014436
0 days 00:05:02,,-,2.52017543391163,45.3268962933746,2.70556239308048,-,35.9128212989214,1.07356113256017,47.61,96.83874,34.1216558124112,13.5652431497167,754.22751912425,686.28560556634,0.0,166.979466074535,0.0,2.52020120744329
0 days 00:05:03,,-,2.54631240864218,45.7969857669456,2.76178541770148,-,36.0657080758487,1.08462159172928,47.24,98.11748,34.3322498682821,13.7059295529913,762.049683146314,693.403137659248,0.0,168.711225707846,0.0,2.5577490766744626
0 days 00:05:04,,-,2.54631240864218,45.7969857669456,2.76178541770148,-,36.0657080758487,1.08462159172928,47.24,98.11748,34.5439303358228,13.7059295529913,762.049683146314,693.403137659248,0.0,168.711225707846,0.0,2.5787615086375797
0 days 00:05:05,,-,2.54008333509771,45.6849520701027,2.78555450305137,-,35.5946983119442,1.09663902146904,42.85,96.11255,34.7553518851734,13.6724005787416,760.185472178035,691.706857530469,0.0,168.298505481866,0.0,2.5370105469399316
0 days 00:05:06,,-,2.47495397446569,44.5135606918289,2.69638161312122,-,35.2867006421217,1.08946737633913,45.11,93.33259,34.9638073439025,13.3218314868957,740.693830671398,673.971051482983,0.0,163.983224205105,0.0,2.431629273090643
0 days 00:05:07,,-,2.47495397446569,44.5135606918289,2.69638161312122,-,35.2867006421217,1.08946737633913,45.11,93.33259,35.1695556302001,13.3218314868957,740.693830671398,673.971051482983,0.0,163.983224205105,0.0,2.3501609288357126
0 days 00:05:08,,-,2.11081500667147,37.9642986811415,2.24584402565575,-,31.5156040627647,1.06397008669993,38.21,71.60554,35.3601680858174,11.3617958592376,631.715849773609,574.809965845751,0.0,139.856439378528,0.0,2.3986686254140817
0 days 00:05:09,,-,2.64975818425528,47.6575212995555,2.74734059550546,-,33.4284088738062,1.03682691191596,45.8,94.6686,35.5580464677859,14.2627428129415,793.008500399548,721.573139558573,0.0,175.565240768509,0.0,2.562893284577741
0 days 00:05:10,,-,2.82355026991864,50.7832782359468,2.94224399243825,-,33.5502296556348,1.04203704952029,48.78,101.2185,35.7855504631012,15.1982062206856,845.020265870118,768.899609433327,0.0,187.080196942415,0.0,2.6962674430229656
0 days 00:05:11,,-,2.66513308518975,47.9340482947796,2.85188037686717,-,35.0144503171616,1.07007053145495,46.87,99.55188,36.0136935328299,14.3455006506588,797.60983617663,725.759980306383,0.0,176.583936814205,0.0,2.696724117557275
0 days 00:05:12,,-,2.66513308518975,47.9340482947796,2.85188037686717,-,35.0144503171616,1.07007053145495,46.87,99.55188,36.2352518206567,14.3455006506588,797.60983617663,725.759980306383,0.0,176.583936814205,0.0,2.642479429487957
0 days 00:05:13,,-,2.57529640641691,46.3182806909517,2.81941226991254,-,36.2885412984461,1.09479136571905,46.15,99.5917,36.4530759496073,13.8619405084091,770.723892267547,701.295961387672,0.0,170.631620775589,0.0,2.6675919438948963
0 days 00:05:14,,-,2.57852537104672,46.3763555943654,2.81894457204258,-,36.7063365219396,1.09323902866942,49.58,101.24236,36.6673001350945,13.8793209215882,771.690243240304,702.175262057181,0.0,170.845562544326,0.0,2.7257752831451287
0 days 00:05:15,,-,2.73213568271253,49.1391309840383,2.92409327948141,-,35.9982121760343,1.07025917416309,48.0,104.736,36.8880435150102,14.7061527365528,817.662092152338,744.005899854954,0.0,181.023333298042,0.0,2.6083901288735563
0 days 00:05:16,,-,2.73213568271253,49.1391309840383,2.92409327948141,-,35.9982121760343,1.07025917416309,48.0,104.736,37.1151718739414,14.7061527365528,817.662092152338,744.005899854954,0.0,181.023333298042,0.0,2.268104731457909
0 days 00:05:17,,-,1.6023160302142,28.8186336369461,1.67830040010231,-,29.6813357060668,1.0474215875366,27.27,51.18579,37.2953380550452,8.62471963660395,479.534411795179,436.337253473429,0.0,106.164781867014,0.0,1.9998689995882197
0 days 00:05:18,,-,1.6023160302142,28.8186336369461,1.67830040010231,-,29.6813357060668,1.0474215875366,27.27,51.18579,37.4285420583216,8.62471963660395,479.534411795179,436.337253473429,0.0,106.164781867014,0.0,2.1278564439504892
0 days 00:05:19,,-,3.28125760401341,59.0154245326152,3.40097392720365,-,31.0704468540665,1.03648489013597,49.18,108.49108,37.6315330869664,17.661888389338,982.000994447195,893.540914449077,0.0,217.406548527756,0.0,2.572230202647483
0 days 00:05:20,,-,2.93867225203013,52.8538174825563,3.04697416103121,-,34.503548304835,1.03685402784412,50.42,108.10048,37.8900712096902,15.817868510146,879.473489164119,800.249236187189,0.0,194.707843354547,0.0,2.924376500491475
0 days 00:05:21,,-,2.65843638613924,47.8136040672525,2.82598926991864,-,36.3312812386933,1.06302685467781,48.78,103.07214,38.1227210937701,14.3094546081102,795.605676210929,723.936357989724,0.0,176.140233087524,0.0,2.930687882424448
0 days 00:05:22,,-,2.6811056080401,48.2213238856133,2.8867792944159,-,36.7728894021714,1.07671226592456,48.0,104.976,38.344664941262,14.431475282926,802.390025730687,730.109563422412,0.0,177.642229543166,0.0,2.7164371979445283
0 days 00:05:23,,-,2.6811056080401,48.2213238856133,2.8867792944159,-,36.7728894021714,1.07671226592456,48.0,104.976,38.5675510595205,14.431475282926,802.390025730687,730.109563422412,0.0,177.642229543166,0.0,2.5424441204031143
0 days 00:05:24,,-,2.47623940317512,44.5366799132216,2.72935107680448,-,37.9031203039791,1.10221615620235,48.38,100.29174,38.7819216920354,13.3287505103733,741.078528376757,674.321095058678,0.0,164.068392958316,0.0,2.5167545662765223
0 days 00:05:25,,-,2.58985800094246,46.5801798730659,2.81905645795016,-,37.6323489413446,1.08849846475146,48.78,103.95018,38.9924995189097,13.9403205956557,775.081825118456,705.261325299448,0.0,171.596429513248,0.0,2.574041177560123
0 days 00:05:26,,-,2.58323627075601,46.4610840064031,2.79614659800346,-,36.0988118104693,1.08241999760445,47.24,99.53468,39.2075247864983,13.9046780848835,773.100101519523,703.458118248957,0.0,171.157693004612,0.0,2.612707440389957
0 days 00:05:27,,-,2.59691201317911,46.7070505967467,2.74158619289251,-,35.8265507371208,1.05571008142717,46.15,99.17635,39.4228432617474,13.9782899329818,777.19292027379,707.182249928092,0.0,172.063807768392,0.0,2.5920384088725577
0 days 00:05:28,,-,2.59691201317911,46.7070505967467,2.74158619289251,-,35.8265507371208,1.05571008142717,46.15,99.17635,39.6387301840457,13.9782899329818,777.19292027379,707.182249928092,0.0,172.063807768392,0.0,2.541647990197357
0 days 00:05:29,,-,2.46125414561466,44.2671608923499,2.6466383510014,-,36.4324221290876,1.07532103326958,46.15,95.8074,39.848978340116,13.2480899897867,736.593803432143,670.240360669688,0.0,163.075513544936,0.0,2.5161589839991816
0 days 00:05:30,,-,2.48917568743427,44.7693468962998,2.60021899196392,-,36.1344361726075,1.04461047289278,47.24,96.22788,40.0547483190923,13.3983821078676,744.950045197441,677.843860004763,0.0,164.925513383154,0.0,2.5355806215820915
0 days 00:05:31,,-,2.6337584399898,47.3697561149245,2.81997870106644,-,35.7464369436874,1.07070514070279,48.38,100.58202,40.267688625944,14.1766216570989,788.220164134699,717.216143599326,0.0,174.50514442806,0.0,2.56743195319232
0 days 00:05:32,,-,2.6337584399898,47.3697561149245,2.81997870106644,-,35.7464369436874,1.07070514070279,48.38,100.58202,40.4866386715369,14.1766216570989,788.220164134699,717.216143599326,0.0,174.50514442806,0.0,2.5768271703867676
0 days 00:05:33,,-,2.49116523183079,44.805130068899,2.70222894048914,-,36.2517703948649,1.08472489337981,45.45,96.354,40.6996616759568,13.4090911454738,745.545467688344,678.385645970371,0.0,165.057334785978,0.0,2.5772436428117262
0 days 00:05:34,,-,2.58405000221541,46.475719464306,2.78366866115473,-,37.3264681090948,1.07725030814736,50.42,103.15932,40.9106184953098,13.9090581232557,773.34363165302,703.679710833294,0.0,171.211608475254,0.0,2.6019398794934117
0 days 00:05:35,,-,2.64039684286961,47.4891518501729,2.83323682702614,-,41.1389448117758,1.073034470056,57.14,116.22276,41.1277782882431,14.212353911282,790.206877467278,719.023890900987,0.0,174.944985620678,0.0,2.6394118206439057
0 days 00:05:36,,-,2.76710688521053,49.7681094462326,3.01495125248615,-,39.0242099346243,1.08956804979247,50.84,114.74588,41.3525470388298,14.8943907690088,828.12812675689,753.529138817122,0.0,183.340423069859,0.0,2.6406541735029427
0 days 00:05:37,,-,2.47316144501845,44.4813209535693,2.66312485407776,-,36.8268396644524,1.07680995085943,47.24,97.36164,41.5703644689332,13.3121829134362,740.157369987053,673.482915958512,0.0,163.864456437594,0.0,2.5905887823521407
0 days 00:05:38,,-,2.53615785254252,45.6143498658726,2.74562476383002,-,36.3590459905942,1.08259222156756,48.38,98.64682,41.7785822522989,13.6512710475889,759.010670245944,690.63788346768,0.0,168.038414469022,0.0,2.5324299132922916
0 days 00:05:39,,-,2.53615785254252,45.6143498658726,2.74562476383002,-,36.3590459905942,1.08259222156756,48.38,98.64682,41.9894185495894,13.6512710475889,759.010670245944,690.63788346768,0.0,168.038414469022,0.0,2.5133183581794114
0 days 00:05:40,,-,2.54751502743708,45.8186156013864,2.76194695127731,-,36.614755554098,1.08417297701123,48.38,99.71118,42.200726920158,13.7124028389974,762.409597848255,693.730630720573,0.0,168.790907717901,0.0,2.5357939458538152
0 days 00:05:41,,-,2.56998626361963,46.222774525533,2.79163604598167,-,37.031240729653,1.08624551247595,48.78,101.65752,42.4134414052805,13.8333578243485,769.134695033776,699.849921355602,0.0,170.279786217908,0.0,2.568852339429125
0 days 00:05:42,,-,2.55194405316668,45.8982743375301,2.75280845617611,-,36.2579539646188,1.07871034741541,43.79,98.35234,42.6263399876556,13.7362427709838,763.735098066699,694.936727948568,0.0,169.084362031282,0.0,2.5795052671930456
0 days 00:05:43,,-,2.55194405316668,45.8982743375301,2.75280845617611,-,36.2579539646188,1.07871034741541,43.79,98.35234,42.8384886260075,13.7362427709838,763.735098066699,694.936727948568,0.0,169.084362031282,0.0,2.546195033510519
0 days 00:05:44,,-,2.45402640445677,44.1371655477836,2.67478182791987,-,36.5802095026241,1.08995641736462,44.44,95.67932,43.0465672112133,13.2091855290454,734.430715414923,668.272126771892,0.0,162.596624518709,0.0,2.470695189405036
0 days 00:05:45,,-,2.50679842621016,45.0863026296792,2.67946116435591,-,36.1952796249255,1.06887779102637,44.11,96.6009,43.2527692695268,13.4932392885393,750.224104442787,682.642824310902,0.0,166.093144601193,0.0,2.396016823032161
0 days 00:05:46,,-,2.30587998501517,41.4726616009922,2.41431887730512,-,35.4613425379388,1.04702711892841,44.44,87.68012,43.4528134614243,12.4117639787662,690.094077219402,627.929397527381,0.0,152.780875310798,0.0,2.3844072440934165
0 days 00:05:47,,-,2.30587998501517,41.4726616009922,2.41431887730512,-,35.4613425379388,1.04702711892841,44.44,87.68012,43.644506260652,12.4117639787662,690.094077219402,627.929397527381,0.0,152.780875310798,0.0,2.4415114382564482
0 days 00:05:48,,-,2.62223528852394,47.1625051892795,2.7531547118633,-,34.8008015906795,1.04992664995102,46.87,97.4896,43.8493487107882,14.1145964705258,784.771563761233,714.078198170859,0.0,173.74165405617,0.0,2.4861417569453814
0 days 00:05:49,,-,2.58330674511391,46.4623515308256,2.68161588778015,-,34.9209594139864,1.03805554367564,44.77,96.16596,44.0657227047535,13.9050574242691,773.12119278936,703.477309586485,0.0,171.162362429802,0.0,2.448863663868925
0 days 00:05:50,,-,2.2422014219415,40.3273637039839,2.35825956687329,-,32.5099874108909,1.05176080248459,41.37,78.39615,44.266300179351,12.0690040344007,671.036624312681,610.588667738276,0.0,148.561719644349,0.0,2.3815203338865034
0 days 00:05:51,,-,2.2422014219415,40.3273637039839,2.35825956687329,-,32.5099874108909,1.05176080248459,41.37,78.39615,44.4526992416601,12.0690040344007,671.036624312681,610.588667738276,0.0,148.561719644349,0.0,2.3975727132918245
0 days 00:05:52,,-,2.71494115558765,48.8298768990584,2.74704067679555,-,34.7826175921519,1.01182328432491,47.24,100.71568,44.6587482431329,14.6136004728672,812.516186291417,739.323544689699,0.0,179.884074133747,0.0,2.5108808999682064
0 days 00:05:53,,-,2.60819944376076,46.9100619381431,2.68015132428487,-,35.4083351336192,1.02758680157541,48.0,98.736,44.8800103488805,14.0390463145873,780.570975091055,710.25600464682,0.0,172.81167996273,0.0,2.610943985896281
0 days 00:05:54,,-,2.54506529450513,45.7745556565672,2.68615770575531,-,35.1634200478936,1.05543763908722,45.8,95.5846,45.0942113804299,13.6992167637637,761.67645206526,693.063527777637,0.0,168.628595566335,0.0,2.607060135066534
0 days 00:05:55,,-,2.54506529450513,45.7745556565672,2.68615770575531,-,35.1634200478936,1.05543763908722,45.8,95.5846,45.3057881726703,13.6992167637637,761.67645206526,693.063527777637,0.0,168.628595566335,0.0,2.5336243471949462
0 days 00:05:56,,-,2.50821068029342,45.1117028829753,2.63729358778015,-,34.5206966385578,1.05146414075218,44.77,92.53959,45.5158330629451,13.5008409696647,750.646757913359,683.027404541192,0.0,166.18671643338,0.0,2.4949162229666397
0 days 00:05:57,,-,2.49678419246914,44.9061905120348,2.66199902160946,-,35.6166625326387,1.06617104899921,46.51,95.11295,45.7238710969093,13.4393360904416,747.227086628555,679.915782226941,0.0,165.429630712151,0.0,2.5459450579583693
0 days 00:05:58,,-,2.70688786763808,48.685033590613,2.82437352033826,-,35.7532948287386,1.0434024822767,49.58,103.3743,45.940167363399,14.5702523758576,810.106032097682,737.130500696453,0.0,179.350486787458,0.0,2.6461709556313506
0 days 00:05:59,,-,2.68930225639401,48.3687456185974,2.83075149839561,-,37.4120684132052,1.05259700417284,50.84,107.37408,46.164465851777,14.4755950400022,804.843084224123,732.341646833546,0.0,178.185315531276,0.0,2.7112136769164414
0 days 00:06:00,,-,2.68930225639401,48.3687456185974,2.83075149839561,-,37.4120684132052,1.05259700417284,50.84,107.37408,46.3880333751726,14.4755950400022,804.843084224123,732.341646833546,0.0,178.185315531276,0.0,2.693349470306273
0 days 00:06:01,,-,2.65048835133367,47.6706538009653,2.85555015689629,-,38.4275523975611,1.07736755585416,49.18,108.39272,46.609987556556,14.2666730528069,793.227021736065,721.771976174791,0.0,175.613619507248,0.0,2.614968840508265
0 days 00:06:02,,-,2.4452794295683,43.979845855545,2.63961408226848,-,39.4161578568613,1.07947339283613,49.58,102.97766,46.8217986647843,13.1621035522949,731.812957507598,665.89018030998,0.0,162.017075501212,0.0,2.5374438562977244
0 days 00:06:03,,-,2.62587370012717,47.2279442468915,2.81398073129304,-,38.2071689111099,1.07163597821051,49.18,106.86814,47.0325866383693,14.1341807968439,785.860452304519,715.068998048051,0.0,173.9827245859,0.0,2.5066615467364834
0 days 00:06:04,,-,2.43397778725393,43.7765789074447,2.61264545869524,-,38.5738935218167,1.07340562940917,48.0,100.272,47.2429048469481,13.1012706737886,728.430649462649,662.812555500513,0.0,161.268261678957,0.0,2.5229223761367194
0 days 00:06:05,,-,2.56913530713229,46.2074695527391,2.71508885407776,-,35.9475811739504,1.05681037761627,47.24,98.63712,47.4508646627554,13.8287774163716,768.880024350262,699.618191778221,0.0,170.223404325601,0.0,2.549342303394239
0 days 00:06:06,,-,2.56913530713229,46.2074695527391,2.71508885407776,-,35.9475811739504,1.05681037761627,47.24,98.63712,47.6644424472972,13.8287774163716,768.880024350262,699.618191778221,0.0,170.223404325601,0.0,2.54765901093741
0 days 00:06:07,,-,2.50460802331742,45.0469068941982,2.69248148008654,-,36.9938605711547,1.07501112150886,49.18,99.19606,47.8753380853826,13.4814490982867,749.568569864739,682.04634124252,0.0,165.948014900856,0.0,2.5190519116459607
0 days 00:06:08,,-,2.55446367455832,45.9435912690345,2.68162558152187,-,36.7322624058156,1.04978027608302,49.99,100.4799,48.0856238811658,13.7498050319133,764.48915977438,695.622862679228,0.0,169.251304788133,0.0,2.5110389834109044
0 days 00:06:09,,-,2.51009825237686,45.1456520211665,2.73381009019914,-,37.2862695360135,1.08912473350812,46.15,99.73015,48.2961378842676,13.5110011251562,751.211662558686,683.541421753208,0.0,166.311781448469,0.0,2.561959085331287
0 days 00:06:10,,-,2.59066004519456,46.5946051293986,2.74992306082082,-,36.7831974622681,1.06147584509271,49.58,101.8869,48.5081564287277,13.9446377257849,775.321857553638,705.479735263229,0.0,171.649570623657,0.0,2.627394294389332
0 days 00:06:11,,-,2.59066004519456,46.5946051293986,2.74992306082082,-,36.7831974622681,1.06147584509271,49.58,101.8869,48.7235236113814,13.9446377257849,775.321857553638,705.479735263229,0.0,171.649570623657,0.0,2.59751551982602
0 days 00:06:12,,-,2.54872443756166,45.8403675820442,2.64270348924824,-,35.912740762029,1.03687297469337,46.51,97.71751,48.9371476950737,13.7189126804103,762.771545030815,694.059973173703,0.0,168.871039701631,0.0,2.438569329790445
0 days 00:06:13,,-,2.54872443756166,45.8403675820442,2.64270348924824,-,35.912740762029,1.03687297469337,46.51,97.71751,49.1490286798045,13.7189126804103,762.771545030815,694.059973173703,0.0,168.871039701631,0.0,2.2956032234526353
0 days 00:06:14,,-,1.58020946013999,28.4210334557553,1.60112475651967,-,31.1203996941287,1.01323577469143,30.45,53.2266,49.3206522902742,8.50572752429793,472.918450350965,430.317267473159,0.0,104.700065078627,0.0,2.3617036371649323
0 days 00:06:15,,-,3.24589051051213,58.3793257286354,3.20702869504696,-,32.4377546497672,0.988027379438919,54.05,112.47805,49.5212543638293,17.471519410898,971.416479245926,883.909867794927,0.0,215.063228173948,0.0,2.6270097016541065
0 days 00:06:16,,-,2.76460125986275,49.7230442421357,2.80522841539907,-,34.7583217135518,1.01469548470738,53.09,103.15387,49.771086965631,14.8809038440006,827.378253726432,752.84681544154,0.0,183.17440765001,0.0,2.859583683559045
0 days 00:06:17,,-,2.90412685766109,52.2324974399477,2.98186072024598,-,35.2976040731767,1.02676668974698,51.28,109.32896,50.006713790958,15.6319224573383,869.134888628009,790.841951846953,0.0,192.41896638612,0.0,2.8740002598302814
0 days 00:06:18,,-,2.56715297868187,46.171816163343,2.75724483890589,-,37.3429829839057,1.07404773373561,42.55,101.5243,50.2341334645755,13.8181072197374,768.2867614174,699.07837083452,0.0,170.092061030297,0.0,2.720272855113487
0 days 00:06:19,,-,2.56715297868187,46.171816163343,2.75724483890589,-,37.3429829839057,1.07404773373561,42.55,101.5243,50.4475464538581,13.8181072197374,768.2867614174,699.07837083452,0.0,170.092061030297,0.0,2.567000931116129
0 days 00:06:20,,-,2.61524086494048,47.0367062039655,2.75104068594128,-,36.7608357948276,1.05192631501798,50.84,102.90016,50.6629582682282,14.0769478785567,782.678302047754,712.173500521651,0.0,173.278223971205,0.0,2.5011428147661103
0 days 00:06:21,,-,2.53676696220226,45.6253050755803,2.6685032220447,-,36.4201053453461,1.05193076928441,48.78,98.87706,50.8771070549052,13.6545496767383,759.192962026652,690.803754139249,0.0,168.078772296654,0.0,2.5051441772864003
0 days 00:06:22,,-,2.43432992985008,43.7829124073756,2.52471165407776,-,36.1141022512976,1.0371279682016,47.24,94.19656,51.0837360825784,13.1031661370473,728.536037219828,662.908449775013,0.0,161.291593619225,0.0,2.5477374535228514
0 days 00:06:23,,-,2.60338994907532,46.8235602351676,2.70957762940231,-,36.8291119945574,1.04078823472631,53.09,102.94151,51.2931343668758,14.013158448228,779.131609721476,708.946299406364,0.0,172.493016887193,0.0,2.6083595519890013
0 days 00:06:24,,-,2.68774088654556,48.3406634270783,2.75174160278857,-,38.5869971763895,1.0238120856677,55.55,111.1,51.5130659521167,14.4671907196696,804.375804013631,731.916459905072,0.0,178.081863723862,0.0,2.6455091105230144
0 days 00:06:25,,-,2.68774088654556,48.3406634270783,2.75174160278857,-,38.5869971763895,1.0238120856677,55.55,111.1,51.7365036754539,14.4671907196696,804.375804013631,731.916459905072,0.0,178.081863723862,0.0,2.622302866183964
0 days 00:06:26,,-,2.51517071590301,45.2368833795504,2.6734161243913,-,38.5596211767202,1.06291636885231,52.17,103.92264,51.9527683326972,13.5383044629217,752.729728138445,684.922737774272,0.0,166.647868071599,0.0,2.5667234513688637
0 days 00:06:27,,-,2.47833277580729,44.5743305001311,2.61703988044443,-,38.1341202128172,1.0559679095524,51.28,101.32928,52.1603287149589,13.3400184198911,741.705024145947,674.891155176403,0.0,164.207093716886,0.0,2.551743537745726
0 days 00:06:28,,-,2.67871177416775,48.1782693195638,2.85542064030359,-,39.5377363930486,1.06596785359289,59.4,113.8104,52.3746868584769,14.4185900932279,801.673609183473,729.457682721329,0.0,177.48362110008,0.0,2.6031033555289866
0 days 00:06:29,,-,2.64330128571565,47.5413900308571,2.81188021410067,-,40.6083107438653,1.06377590375188,60.0,115.32,52.5959020968251,14.2279875345968,791.076106923581,719.814818901716,0.0,175.137425523532,0.0,2.66456942665393
0 days 00:06:30,,-,2.7087011972167,48.7176474319551,2.87087093150659,-,39.9716181730391,1.05986992380574,56.07,115.72848,52.8183638780309,14.5800129093163,810.648717757987,737.624300441982,0.0,179.470632710945,0.0,2.669755936949828
0 days 00:06:31,,-,2.60619835394663,46.8740711141481,2.81990692010394,-,40.0677867982946,1.08200011554519,54.05,111.61325,53.0392834356828,14.0282751319436,779.972097336062,709.711074672344,0.0,172.679093594244,0.0,2.6201779140594854
0 days 00:06:32,,-,2.50804692875352,45.1087577113942,2.73485411726609,-,38.590282697821,1.09043179611687,49.18,103.32718,53.2518625812907,13.4999595510837,750.597751040252,682.9828122786,0.0,166.175866734453,0.0,2.5713885708042903
0 days 00:06:33,,-,2.6129996502913,46.9963965879729,2.80106466326505,-,38.727035416449,1.07197284276436,53.57,108.31854,53.4647244301491,14.0648841859829,782.007560740648,711.563180568515,0.0,173.129727632242,0.0,2.559424413446502
0 days 00:06:34,,-,2.56805290211711,46.1880018366387,2.80932696827442,-,39.1054638777921,1.09395214014415,54.05,107.61355,53.6800804922969,13.8229512000615,768.55608672342,699.323434924665,0.0,170.151687329602,0.0,2.568499977441395
0 days 00:06:35,,-,2.56899207681219,46.2048934678452,2.74861452254331,-,39.3015614611337,1.06991942378974,54.05,108.15405,53.8936073319782,13.8280064565041,768.83715898163,699.579187784435,0.0,170.213914302782,0.0,2.5699863657508533
0 days 00:06:36,,-,2.56899207681219,46.2048934678452,2.74861452254331,-,39.3015614611337,1.06991942378974,54.05,108.15405,54.1071732094731,13.8280064565041,768.83715898163,699.579187784435,0.0,170.213914302782,0.0,2.5665387069290824
0 days 00:06:37,,-,2.57093203300458,46.2397847662695,2.80160593282282,-,38.2664025096865,1.08972384211521,49.99,105.02899,54.3208197233487,13.8384485777531,769.417740923073,700.107470058896,0.0,170.342450135984,0.0,2.5798807692513166
0 days 00:06:38,,-,2.59819341888525,46.7300974619649,2.77546965275626,-,37.7564808250839,1.06823057613127,51.28,104.91888,54.5356800226424,13.9851873020075,777.576413991618,707.531197973207,0.0,172.14870996915,0.0,2.602983623158278
0 days 00:06:39,,-,2.53619547426158,45.615026515496,2.67104386505463,-,38.7805439281594,1.05316955737898,51.28,105.17528,54.7490964592407,13.6514735524463,759.021929516012,690.6481284863,0.0,168.040907174282,0.0,2.590119245565471
0 days 00:06:40,,-,2.60742473300458,46.8961282914493,2.75250934884463,-,37.5966327077974,1.05564287781871,49.99,104.67906,54.9628966054109,14.0348763113261,780.339122909733,710.045038047716,0.0,172.760349889955,0.0,2.5187384464459424
0 days 00:06:41,,-,2.60742473300458,46.8961282914493,2.75250934884463,-,37.5966327077974,1.05564287781871,49.99,104.67906,55.1796574728859,14.0348763113261,780.339122909733,710.045038047716,0.0,172.760349889955,0.0,2.450119466344417
0 days 00:06:42,,-,2.04815605492692,36.8373391173906,2.15088309871883,-,35.1912637841319,1.05015586753988,43.16,77.81748,55.3731717318821,11.0245241342284,612.963541863097,557.746893147111,0.0,135.704840181779,0.0,2.4781395153970527
0 days 00:06:43,,-,2.85863663519124,51.4143279710655,2.96961842791936,-,36.15888732675,1.03882332975163,55.04,110.68544,55.5771278857389,15.387064135003,855.520765906168,778.45420913072,0.0,189.404917063435,0.0,2.6038931380374493
0 days 00:06:44,,-,2.8165719733725,50.6577693052608,2.94829725094957,-,37.1092807100715,1.0467679430252,55.04,111.84128,55.8130240796965,15.1606444350474,842.931830588634,766.99930344409,0.0,186.617835387856,0.0,2.7205139636938016
0 days 00:06:45,,-,2.6442269173792,47.5580380823596,2.80015407265342,-,38.871701715326,1.05896890098554,56.6,110.3134,56.0400081014561,14.2329698935286,791.353126080193,720.066883769184,0.0,175.198755174984,0.0,2.748069769973529
0 days 00:06:46,,-,2.70784697437283,48.7022837117415,2.87207857071379,-,36.9868205064273,1.06065025014163,54.05,107.3433,56.2624728508468,14.5754149196584,810.393069533008,737.391681381496,0.0,179.414034399391,0.0,2.7156934130107198
0 days 00:06:47,,-,2.57508811461751,46.3145344355667,2.74015500528078,-,37.5307079596207,1.06410145335465,54.54,103.8987,56.4820637710004,13.8608193448318,770.661555572646,701.23924007305,0.0,170.617819969112,0.0,2.675212245739945
0 days 00:06:48,,-,2.75840283616477,49.6115618015246,2.9501062124875,-,39.257362478122,1.06949796230244,58.82,116.11068,56.7037561003182,14.8475398474007,825.523215515479,751.158881774746,0.0,182.763718193369,0.0,2.610747144054817
0 days 00:06:49,,-,2.49431049458087,44.8616995428215,2.6996176570069,-,40.2487822659261,1.08231018667166,55.04,107.71328,56.9220908203501,13.4260210200375,746.486768714087,679.242153228582,0.0,165.26573071255,0.0,2.5004259542373455
0 days 00:06:50,,-,2.49431049458087,44.8616995428215,2.6996176570069,-,40.2487822659261,1.08231018667166,55.04,107.71328,57.129448256104,13.4260210200375,746.486768714087,679.242153228582,0.0,165.26573071255,0.0,2.413988969105684
0 days 00:06:51,,-,2.1068880886225,37.893670658678,2.18963350142931,-,34.0907143515915,1.0392737579436,41.09,77.29029,57.3207020598466,11.3406586013124,630.540618232969,573.740600874177,0.0,139.596253254058,0.0,2.4568933638083594
0 days 00:06:52,,-,2.9555797760785,53.1579096416997,3.11200389479826,-,35.8497344100062,1.0529250199862,58.25,113.704,57.5311290209831,15.9088759343474,884.533501949715,804.85343565046,0.0,195.828086532959,0.0,2.621173669857656
0 days 00:06:53,,-,2.66243873675265,47.8855887905153,2.83661277895821,-,37.5572961058859,1.06541898590989,58.82,107.81706,57.7646480466557,14.3309978937525,796.803482892638,725.026264500776,0.0,176.405417153474,0.0,2.7692229381017484
0 days 00:06:54,,-,2.82137112872681,50.7440850490434,2.95651212872681,-,39.0354884115155,1.04789905114716,63.15,118.53255,57.9925885445083,15.1864766483205,844.36810164662,768.306193113048,0.0,186.935813409501,0.0,2.786389150418157
0 days 00:06:55,,-,2.66836186825416,47.9921199326287,2.81676126388344,-,36.4305011087578,1.05561441924156,50.42,103.91562,58.2207752437386,14.3628800865334,798.576132811258,726.63923153262,0.0,176.797866552949,0.0,2.6972306704512192
0 days 00:06:56,,-,2.58510430504117,46.4946817453447,2.78815509583422,-,37.4120610187371,1.07854645957499,51.28,103.53432,58.4391412564866,13.9147330750834,773.659158974639,703.966814994173,0.0,171.281463502232,0.0,2.6101113327594057
0 days 00:06:57,,-,2.56734907979095,46.1753431617077,2.73668753492362,-,36.9325467839071,1.06595848475209,53.09,101.87971,58.6533085632517,13.8191627649946,768.345449733699,699.131772421799,0.0,170.105054117226,0.0,2.5890612599432195
0 days 00:06:58,,-,2.74366633530163,49.3465168219718,2.94386194132931,-,38.0611150329691,1.07296645494091,56.6,111.9548,58.87406667258,14.7682182991091,821.112937430463,747.1458879638,0.0,181.787320672457,0.0,2.610458494803997
0 days 00:06:59,,-,2.4783353907246,44.5743775310179,2.60991559030616,-,38.2495687850725,1.05309216826504,57.14,102.39488,59.0911248314909,13.3400324950974,741.705806727416,674.891867261794,0.0,164.207266973672,0.0,2.6213819288873674
0 days 00:07:00,,-,2.6722360057925,48.0617986653327,2.80822776865287,-,36.4045128458441,1.05089062588992,56.07,104.73876,59.3052139113728,14.3837332450064,799.735568422355,727.694223494993,0.0,177.054555594889,0.0,2.6024935016465136
0 days 00:07:01,,-,2.56441019051538,46.122485440924,2.68823398995746,-,38.3249139952327,1.04828548876465,57.14,105.88042,59.5228807835557,13.8033437283209,767.465911294642,698.331464086499,0.0,169.910331894525,0.0,2.5730974067807177
0 days 00:07:02,,-,2.55703485171714,45.9898354625385,2.75169090849829,-,38.426382782392,1.07612569560811,56.6,105.7854,59.7357591949682,13.7636447999196,765.258650875529,696.323036901117,0.0,169.42166347959,0.0,2.560044865551159
0 days 00:07:03,,-,2.55703485171714,45.9898354625385,2.75169090849829,-,38.426382782392,1.07612569560811,56.6,105.7854,59.9483310424337,13.7636447999196,765.258650875529,696.323036901117,0.0,169.42166347959,0.0,2.5703560153805682
0 days 00:07:04,,-,2.57908342128255,46.3863924691105,2.74233910524755,-,37.3253882389459,1.06329988499706,53.57,103.3901,60.161819362579,13.882324715307,771.857254171071,702.327228400031,0.0,170.882537323608,0.0,2.5855861289175337
0 days 00:07:05,,-,2.63858580367459,47.4565792027805,2.85635315882873,-,38.8615446415271,1.08253184522211,55.04,109.85984,60.3786974363893,14.2026057061755,789.664877263357,718.530714864933,0.0,174.824991451322,0.0,2.580485572745734
0 days 00:07:06,,-,2.4841392713761,44.6787638736708,2.73593196232247,-,38.6856409812984,1.10136013461391,50.42,102.80638,60.5916290537527,13.3712728013039,743.442767752499,676.472360307616,0.0,164.591815160004,0.0,2.546659621223911
0 days 00:07:07,,-,2.52469116725067,45.408114518897,2.75673272255791,-,36.5391027610153,1.09190888704218,45.11,98.24958,60.7998265171672,13.5895497991345,755.578968831879,687.515314715734,0.0,167.278665380957,0.0,2.4915492902462058
0 days 00:07:08,,-,2.37214690728842,42.6645127210147,2.60431319447855,-,36.6914838758835,1.09787179979318,46.87,93.2713,61.0033688966433,12.7684561761919,709.926163396267,645.974980493297,0.0,157.171528100559,0.0,2.417064774725157
0 days 00:07:09,,-,2.37214690728842,42.6645127210147,2.60431319447855,-,36.6914838758835,1.09787179979318,46.87,93.2713,61.2005706086978,12.7684561761919,709.926163396267,645.974980493297,0.0,157.171528100559,0.0,2.3149510962874396
0 days 00:07:10,,-,2.18788855674788,39.3505136105734,2.33688675412654,-,34.940582217602,1.0681013650897,41.66,81.98688,61.3901134227989,11.7766564412152,654.782098131568,595.79837295249,0.0,144.963107774329,0.0,2.188102753954847
